"","rowname","date","year","site","set_num","time_in","time_out","SthdW","SthdH","BullTrout","Chinook","Sucker","peamouth","whitefish","Bank","Comment","Mesh","week","trs","flow","day","month","zl_flow","effort","lm_trs","period"
"1","1",2013-02-20,1,"N. Cable",1,09:26:00,09:38:00,2,NA,NA,NA,NA,NA,NA,"North",NA,"3 1/2",8,8935,368.118658802142,19,2,-0.382323627562302,2592000,8.80317381722826,19
"2","2",2013-02-20,1,"S. Cable",1,09:50:00,09:58:00,1,NA,NA,NA,NA,NA,2,"South",NA,"2",8,8935,368.118658802142,19,2,-0.382323627562302,1728000,8.80317381722826,19
"3","3",2013-02-20,1,"N. Cable",2,10:03:00,10:11:00,0,NA,NA,NA,NA,NA,NA,"North",NA,"2",8,8935,368.118658802142,19,2,-0.382323627562302,1728000,8.80317381722826,19
"4","4",2013-02-20,1,"S. Cable",2,10:27:00,10:35:00,0,NA,10,NA,"65",NA,1,"South",NA,"3 1/2",8,8935,368.118658802142,19,2,-0.382323627562302,1728000,8.80317381722826,19
"5","5",2013-02-27,1,"N. Cable",1,10:50:00,11:05:00,5,1,0,NA,"71",NA,NA,"North",NA,"3 1/2",9,8935,382.27706875607,26,2,-0.239722890106075,3240000,8.80317381722826,26
"6","6",2013-02-27,1,"S. Cable",1,11:19:00,11:29:00,0,NA,6,NA,"0",NA,NA,"South",NA,"3 1/2",9,8935,382.27706875607,26,2,-0.239722890106075,2160000,8.80317381722826,26
"7","7",2013-02-27,1,"N. Cable",2,11:36:00,11:50:00,0,NA,1,NA,"14",NA,NA,"North","one sthd got out","2",9,8935,382.27706875607,26,2,-0.239722890106075,3024000,8.80317381722826,26
"8","8",2013-02-27,1,"S. Cable",2,11:55:00,12:05:00,0,NA,0,NA,"1",NA,NA,"South","lost 2 steelhead","2",9,8935,382.27706875607,26,2,-0.239722890106075,2160000,8.80317381722826,26
"9","9",2013-03-08,1,"S. Cable",1,09:21:00,09:32:00,0,NA,0,NA,NA,NA,NA,"South",NA,"4 1/4",10,8935,308.653336995642,35,3,-1.04803947853188,2376000,8.80317381722826,35
"10","10",2013-03-08,1,"middle Cable",1,09:37:00,09:48:00,0,NA,3,NA,"7",NA,NA,"middle",NA,"4 1/4",10,8935,308.653336995642,35,3,-1.04803947853188,2376000,8.80317381722826,35
"11","11",2013-03-08,1,"N. Cable",1,09:59:00,10:17:00,6,1,0,NA,NA,NA,NA,"North","one sthd got out","4 1/4",10,8935,308.653336995642,35,3,-1.04803947853188,3888000,8.80317381722826,35
"12","12",2013-03-08,1,"N. Cable",2,10:36:00,10:49:00,1,NA,1,NA,NA,NA,NA,"North",NA,"4 1/4",10,8935,308.653336995642,35,3,-1.04803947853188,2808000,8.80317381722826,35
"13","13",2013-03-12,1,"N. Cable",1,09:31:00,09:41:00,0,NA,NA,NA,NA,NA,NA,"North","2 hit but no capture, brief snag","4 5/8",11,8935,294.494927041713,39,3,-1.2254650806644,2160000,8.80317381722826,39
"14","14",2013-03-12,1,"S. Cable",1,09:51:00,09:59:00,0,NA,1,NA,NA,NA,NA,"South",NA,"4 5/8",11,8935,294.494927041713,39,3,-1.2254650806644,1728000,8.80317381722826,39
"15","15",2013-03-12,1,"N. Cable",2,10:18:00,10:28:00,1,NA,1,NA,"3",NA,NA,"North","Boat got stuck in shallow water","4 5/8",11,8935,294.494927041713,39,3,-1.2254650806644,2160000,8.80317381722826,39
"16","16",2013-03-12,1,"S. Cable",2,10:36:00,10:45:00,0,NA,NA,NA,NA,NA,NA,"South",NA,"4 5/8",11,8935,294.494927041713,39,3,-1.2254650806644,1944000,8.80317381722826,39
"17","17",2013-03-20,1,"N. Cable",1,11:22:00,11:34:00,1,NA,3,NA,"1",NA,NA,"North","Windy","4 5/8",12,8935,461.56416449807,47,3,0.472426040722333,2592000,8.80317381722826,47
"18","18",2013-03-20,1,"S. Cable",1,11:39:00,11:43:00,1,NA,1,NA,"5",NA,NA,"South","Windy","4 5/8",12,8935,461.56416449807,47,3,0.472426040722333,864000,8.80317381722826,47
"19","19",2013-03-20,1,"S. Cable",2,11:57:00,12:02:00,0,NA,NA,NA,NA,NA,NA,"South",NA,"4 5/8",12,8935,461.56416449807,47,3,0.472426040722333,1080000,8.80317381722826,47
"20","20",2013-03-20,1,"N. Cable",2,12:09:00,12:24:00,4,NA,NA,NA,NA,NA,NA,"North",NA,"4 5/8",12,8935,461.56416449807,47,3,0.472426040722333,3240000,8.80317381722826,47
"21","21",2013-03-28,1,"N. Cable",1,09:33:00,09:45:00,7,1,NA,NA,NA,NA,NA,"North",NA,NA,13,8935,336.970156903499,55,3,-0.716381872159512,2592000,8.80317381722826,55
"22","22",2013-03-28,1,"S. Cable",1,09:55:00,10:05:00,0,NA,4,NA,NA,NA,NA,"South",NA,NA,13,8935,336.970156903499,55,3,-0.716381872159512,2160000,8.80317381722826,55
"23","23",2013-03-28,1,"S. Cable",2,10:10:00,10:15:00,1,NA,NA,NA,NA,NA,NA,"South",NA,NA,13,8935,336.970156903499,55,3,-0.716381872159512,1080000,8.80317381722826,55
"24","24",2013-03-28,1,"N. Cable",2,10:21:00,10:36:00,2,NA,NA,NA,NA,NA,NA,"North",NA,NA,13,8935,336.970156903499,55,3,-0.716381872159512,3240000,8.80317381722826,55
"25","25",2013-04-04,1,"Cable",1,09:05:00,09:10:00,0,NA,NA,NA,NA,NA,NA,NA,NA,NA,14,8935,637.128447926784,62,4,1.69041695111827,1080000,8.80317381722826,62
"26","26",2013-04-04,1,"Cable",2,08:57:00,09:03:00,0,NA,NA,NA,NA,NA,NA,NA,NA,NA,14,8935,637.128447926784,62,4,1.69041695111827,1296000,8.80317381722826,62
"27","27",2013-04-11,1,"Cable",1,07:46:00,07:53:00,0,NA,NA,NA,NA,NA,NA,NA,NA,"4 5/8",15,8935,807.029367373926,69,4,2.58360511031117,1512000,8.80317381722826,69
"28","28",2013-04-11,1,"Cable",2,07:57:00,08:04:00,2,NA,NA,NA,"1",NA,NA,NA,NA,"4 5/8",15,8935,807.029367373926,69,4,2.58360511031117,1512000,8.80317381722826,69
"29","29",2013-04-17,1,"N. Cable",1,11:41:00,11:55:00,9,NA,NA,NA,NA,NA,NA,"North","gill plate damage","4 5/8",16,8935,487.049302415142,75,4,0.675497232792743,3024000,8.80317381722826,75
"30","30",2013-04-17,1,"S. Cable",1,12:01:00,12:16:00,0,NA,NA,NA,NA,NA,NA,"South",NA,"4 5/8",16,8935,487.049302415142,75,4,0.675497232792743,3240000,8.80317381722826,75
"31","31",2013-04-17,1,"N. Cable",2,12:18:00,12:29:00,4,NA,NA,NA,"3",NA,NA,"North",NA,"4 5/8",16,8935,487.049302415142,75,4,0.675497232792743,2376000,8.80317381722826,75
"32","32",2013-04-17,1,"S. Cable",2,12:43:00,12:57:00,2,NA,NA,NA,NA,NA,NA,"South",NA,"4 5/8",16,8935,487.049302415142,75,4,0.675497232792743,3024000,8.80317381722826,75
"33","33",2013-04-24,1,"N. Cable",1,09:53:00,10:03:00,8,NA,NA,NA,"4",NA,NA,"North",NA,"4 5/8",17,8935,478.554256442784,82,4,0.609012155534998,2160000,8.80317381722826,82
"34","34",2013-04-24,1,"S. Cable",1,10:20:00,10:31:00,1,NA,NA,NA,"1",1,NA,"South",NA,"4 5/8",17,8935,478.554256442784,82,4,0.609012155534998,2376000,8.80317381722826,82
"35","35",2013-04-24,1,"N. Cable",2,10:37:00,10:48:00,3,NA,NA,NA,NA,NA,NA,"North",NA,"4 5/8",17,8935,478.554256442784,82,4,0.609012155534998,2376000,8.80317381722826,82
"36","36",2013-04-24,1,"S. Cable",2,10:54:00,11:06:00,0,NA,NA,NA,NA,NA,NA,"South",NA,"4 5/8",17,8935,478.554256442784,82,4,0.609012155534998,2592000,8.80317381722826,82
"37","37",2013-05-03,1,"N. Cable",1,08:48:00,08:59:00,5,NA,NA,NA,NA,NA,NA,"North","1 steelhead fell out of net","4 5/8",18,8935,504.039394359856,91,5,0.80505750494952,2376000,8.80317381722826,91
"38","38",2013-05-03,1,"S. Cable",1,09:04:00,09:15:00,0,NA,NA,NA,NA,NA,NA,"South",NA,"4 5/8",18,8935,504.039394359856,91,5,0.80505750494952,2376000,8.80317381722826,91
"39","39",2013-05-03,1,"N. Cable",2,09:16:00,09:30:00,4,NA,NA,NA,"2",NA,NA,"North",NA,"4 5/8",18,8935,504.039394359856,91,5,0.80505750494952,3024000,8.80317381722826,91
"40","40",2013-05-03,1,"S. Cable",2,09:34:00,09:43:00,0,NA,NA,NA,"5",NA,NA,"South",NA,"4 5/8",18,8935,504.039394359856,91,5,0.80505750494952,1944000,8.80317381722826,91
"41","41",2013-05-08,1,"N. Cable",1,08:32:00,08:43:00,1,NA,NA,NA,NA,NA,NA,"North",NA,NA,19,8935,824.019459318641,96,5,2.66232610494382,2376000,8.80317381722826,96
"42","42",2013-05-08,1,"S. Cable",1,08:46:00,08:52:00,1,NA,NA,NA,NA,NA,NA,"South",NA,NA,19,8935,824.019459318641,96,5,2.66232610494382,1296000,8.80317381722826,96
"43","43",2013-05-08,1,"N. Cable",2,08:57:00,09:05:00,1,NA,NA,NA,NA,NA,NA,"North",NA,NA,19,8935,824.019459318641,96,5,2.66232610494382,1728000,8.80317381722826,96
"44","44",2013-05-08,1,"S. Cable",2,09:07:00,09:17:00,2,NA,NA,NA,NA,NA,NA,"South",NA,NA,19,8935,824.019459318641,96,5,2.66232610494382,2160000,8.80317381722826,96
"45","45",2014-02-18,2,"Fernando",1,09:50:00,10:20:00,5,0,2,0,NA,NA,NA,NA,NA,NA,7,9338,370.950340792928,17,2,-0.353369684579931,6480000,8.80317381722826,113
"46","46",2014-02-18,2,"N. Cable",1,11:15:00,11:32:00,4,0,2,0,NA,NA,NA,NA,NA,NA,7,9338,370.950340792928,17,2,-0.353369684579931,3672000,8.80317381722826,113
"47","47",2014-02-18,2,"S. Cable",1,11:38:00,11:50:00,1,1,6,0,NA,NA,NA,NA,NA,NA,7,9338,370.950340792928,17,2,-0.353369684579931,2592000,8.80317381722826,113
"48","48",2014-02-25,2,"Fernando",1,07:54:00,08:15:00,6,0,4,0,"0",0,0,"N/A","twist","4 5/8""",8,9338,314.316700977213,24,2,-0.979338111890182,4536000,8.80317381722826,120
"49","49",2014-02-25,2,"N. Cable",1,09:25:00,09:40:00,11,1,10,0,"5",0,0,"North bank","hatchery fish released","4 5/8""",8,9338,314.316700977213,24,2,-0.979338111890182,3240000,8.80317381722826,120
"50","50",2014-02-25,2,"S. Cable",1,09:47:00,10:04:00,0,0,10,0,"0",0,0,"South bank",NA,"4 5/8""",8,9338,314.316700977213,24,2,-0.979338111890182,3672000,8.80317381722826,120
"51","51",2014-03-03,2,"Purr",1,09:40:00,09:50:00,1,1,2,0,"2",NA,NA,NA,NA,NA,9,9338,487.049302415142,30,3,0.675497232792743,2160000,8.80317381722826,126
"52","52",2014-03-03,2,"Purr",2,10:03:00,10:16:00,2,1,1,0,"3",NA,NA,NA,NA,NA,9,9338,487.049302415142,30,3,0.675497232792743,2808000,8.80317381722826,126
"53","53",2014-03-03,2,"Fernando",1,11:07:00,11:22:00,0,0,0,0,"0",NA,NA,NA,NA,NA,9,9338,487.049302415142,30,3,0.675497232792743,3240000,8.80317381722826,126
"54","54",2014-03-03,2,"N. Cable",1,11:43:00,11:54:00,2,1,1,0,"3",NA,NA,NA,NA,NA,9,9338,487.049302415142,30,3,0.675497232792743,2376000,8.80317381722826,126
"55","55",2014-03-13,2,"Purr",1,09:14:00,09:31:00,10,0,9,0,"11",NA,NA,NA,NA,NA,11,9338,654.118539871498,40,3,1.78985613923624,3672000,8.80317381722826,136
"56","56",2014-03-13,2,"Fernando",1,11:09:00,11:29:00,8,0,6,0,"19",NA,NA,NA,NA,NA,11,9338,654.118539871498,40,3,1.78985613923624,4320000,8.80317381722826,136
"57","57",2014-03-13,2,"N. Cable",1,12:40:00,12:52:00,4,0,4,0,"4",NA,NA,NA,NA,NA,11,9338,654.118539871498,40,3,1.78985613923624,2592000,8.80317381722826,136
"58","58",2014-03-19,2,"Purr",1,08:17:00,08:29:00,6,0,19,0,"12",0,0,"N/A",NA,"4 5/8""",12,9338,719.247225659569,46,3,2.14849560202503,2592000,8.80317381722826,142
"59","59",2014-03-19,2,"Fernando",1,09:27:00,09:48:00,8,0,7,0,"9",0,0,"N/A",NA,"4 5/8""",12,9338,719.247225659569,46,3,2.14849560202503,4536000,8.80317381722826,142
"60","60",2014-03-19,2,"Cable",1,10:53:00,11:02:00,7,0,3,0,"3",0,0,"North",NA,"4 5/8""",12,9338,719.247225659569,46,3,2.14849560202503,1944000,8.80317381722826,142
"61","61",2014-03-24,2,"Purr",1,09:15:00,09:33:00,1,0,2,0,"16",0,0,"N/A",NA,"4 5/8""",12,9338,484.217620424356,51,3,0.653465269086826,3888000,8.80317381722826,147
"62","62",2014-03-24,2,"Fernando",1,10:12:00,10:26:00,14,0,6,1,"4",0,0,"N/A",NA,"4 5/8""",12,9338,484.217620424356,51,3,0.653465269086826,3024000,8.80317381722826,147
"63","63",2014-03-24,2,"Cable",1,11:45:00,11:55:00,13,0,3,0,"5",0,0,"North","2 recaps","4 5/8""",12,9338,484.217620424356,51,3,0.653465269086826,2160000,8.80317381722826,147
"64","64",2014-04-01,2,"Purr",1,09:29:00,09:47:00,7,0,7,0,"2",0,0,"N/A","1 recap","4 5/8""",13,9338,518.197804313784,59,4,0.909730987246426,3888000,8.80317381722826,155
"65","65",2014-04-01,2,"Fernando",1,10:57:00,11:13:00,6,0,0,0,"0",0,0,"N/A",NA,"4 5/8""",13,9338,518.197804313784,59,4,0.909730987246426,3456000,8.80317381722826,155
"66","66",2014-04-01,2,"Cable",1,12:15:00,12:30:00,9,0,5,0,"3",0,0,"North",NA,"4 5/8""",13,9338,518.197804313784,59,4,0.909730987246426,3240000,8.80317381722826,155
"67","67",2014-04-08,2,"Purr",1,09:24:00,09:38:00,3,0,5,0,"5",0,0,"N/A",NA,"4 5/8""",14,9338,498.376030378284,66,4,0.762362462318448,3024000,8.80317381722826,162
"68","68",2014-04-08,2,"Fernando",1,10:35:00,10:55:00,7,0,0,0,"2",0,0,"N/A",NA,"4 5/8""",14,9338,498.376030378284,66,4,0.762362462318448,4320000,8.80317381722826,162
"69","69",2014-04-08,2,"Cable",1,11:37:00,12:07:00,5,0,0,0,"0",0,0,"North",NA,"4 5/8""",14,9338,498.376030378284,66,4,0.762362462318448,6480000,8.80317381722826,162
"70","70",2014-04-14,2,"Purr",1,09:32:00,09:44:00,3,0,5,1,"6",0,0,"N/A",NA,"4 5/8""",15,9338,461.56416449807,72,4,0.472426040722333,2592000,8.80317381722826,168
"71","71",2014-04-14,2,"Fernando",1,10:30:00,10:48:00,3,0,0,0,"0",0,0,"N/A",NA,"4 5/8""",15,9338,461.56416449807,72,4,0.472426040722333,3888000,8.80317381722826,168
"72","72",2014-04-14,2,"Cable",1,11:20:00,11:38:00,7,0,4,0,"8",0,0,"North",NA,"4 5/8""",15,9338,461.56416449807,72,4,0.472426040722333,3888000,8.80317381722826,168
"73","73",2014-04-21,2,"Purr",1,09:30:00,09:41:00,0,1,NA,NA,NA,NA,NA,NA,NA,"4 5/8",16,9338,625.801719963641,79,4,1.62263986801103,2376000,8.80317381722826,175
"74","74",2014-04-21,2,"Fernando",1,10:03:00,10:23:00,4,NA,NA,NA,NA,NA,NA,NA,NA,"4 5/8",16,9338,625.801719963641,79,4,1.62263986801103,4320000,8.80317381722826,175
"75","75",2014-04-21,2,"N. Cable",1,11:05:00,11:19:00,4,NA,NA,1,"4",NA,NA,NA,NA,"4 5/8",16,9338,625.801719963641,79,4,1.62263986801103,3024000,8.80317381722826,175
"76","76",2015-02-17,3,"Purr",1,11:34:00,11:47:00,2,2,5,0,"0",0,0,"N/A","0","4 5/16""",7,8766,560.67303417557,16,2,1.20740225508514,2808000,8.80317381722826,208
"77","77",2015-02-17,3,"Fernando",1,12:35:00,12:54:00,1,0,2,0,"0",0,0,"0","0","4 5/16""",7,8766,560.67303417557,16,2,1.20740225508514,4104000,8.80317381722826,208
"78","78",2015-02-17,3,"N. Cable",1,13:35:00,13:45:00,0,0,0,0,"0",0,0,"N","0","4 5/16""",7,8766,560.67303417557,16,2,1.20740225508514,2160000,8.80317381722826,208
"79","79",2015-02-17,3,"S. Cable",1,13:50:00,13:55:00,0,0,0,0,"0",0,0,"S","0","4 5/16""",7,8766,560.67303417557,16,2,1.20740225508514,1080000,8.80317381722826,208
"80","80",2015-02-25,3,"Fernando",1,07:54:00,08:15:00,6,0,4,0,"0",0,0,"0","0","4 5/16""",8,8766,413.425570654713,24,2,0.0562517135505514,4536000,8.80317381722826,216
"81","81",2015-02-25,3,"Purr",1,09:05:00,09:30:00,6,0,2,0,"0",0,0,"0","1 wild mort","4 5/16""",8,8766,413.425570654713,24,2,0.0562517135505514,5400000,8.80317381722826,216
"82","82",2015-02-25,3,"N. Cable",1,09:25:00,09:40:00,12,1,10,0,"0",0,0,"0","0","4 5/16""",8,8766,413.425570654713,24,2,0.0562517135505514,3240000,8.80317381722826,216
"83","83",2015-02-25,3,"S. Cable",1,09:47:00,10:04:00,0,0,10,0,"0",0,0,"N","1 recap","4 5/16""",8,8766,413.425570654713,24,2,0.0562517135505514,3672000,8.80317381722826,216
"84","84",2015-02-25,3,"Fernando",1,10:34:00,10:57:00,7,1,3,0,"0",0,0,"0","0","4 5/16""",8,8766,413.425570654713,24,2,0.0562517135505514,4968000,8.80317381722826,216
"85","85",2015-02-25,3,"N. Cable",1,12:06:00,12:27:00,3,0,1,0,"0",0,0,"N","0","4 5/16""",8,8766,413.425570654713,24,2,0.0562517135505514,4536000,8.80317381722826,216
"86","86",2015-03-04,3,"Purr",1,09:22:00,09:41:00,7,0,4,0,"0",0,0,"0","0","4 5/16""",9,8766,370.950340792928,31,3,-0.353369684579931,4104000,8.80317381722826,223
"87","87",2015-03-04,3,"Fernando",1,10:48:00,11:05:00,6,0,0,0,"0",0,0,"0","1 wild released, fair condition","4 5/16""",9,8766,370.950340792928,31,3,-0.353369684579931,3672000,8.80317381722826,223
"88","88",2015-03-04,3,"N. Cable",1,12:10:00,12:24:00,9,0,3,0,"0",0,0,"0","N","4 5/16""",9,8766,370.950340792928,31,3,-0.353369684579931,3024000,8.80317381722826,223
"89","89",2015-03-13,3,"Purr",1,07:52:00,08:11:00,0,0,4,0,"0",0,0,"0","0","4 5/16""",11,8766,342.63352088507,40,3,-0.653405896521647,4104000,8.80317381722826,232
"90","90",2015-03-13,3,"Fernando",1,08:30:00,08:52:00,10,1,0,0,"0",0,0,"0","0","4 5/16""",11,8766,342.63352088507,40,3,-0.653405896521647,4752000,8.80317381722826,232
"91","91",2015-03-13,3,"N. Cable",1,10:00:00,10:23:00,5,0,2,0,"0",0,0,"N","0","4 5/16""",11,8766,342.63352088507,40,3,-0.653405896521647,4968000,8.80317381722826,232
"92","92",2015-03-18,3,"Purr",1,09:15:00,09:34:00,3,0,0,1,"0",0,0,"0","0","4 5/16""",11,8766,450.237436534927,45,3,0.378546153857387,4104000,8.80317381722826,237
"93","93",2015-03-18,3,"Fernando",1,10:25:00,10:49:00,9,0,0,0,"0",0,0,"0","0","4 5/16""",11,8766,450.237436534927,45,3,0.378546153857387,5184000,8.80317381722826,237
"94","94",2015-03-18,3,"N. Cable",1,11:57:00,12:18:00,2,0,0,0,"0",0,0,"N","0","4 5/16""",11,8766,450.237436534927,45,3,0.378546153857387,4536000,8.80317381722826,237
"95","95",2015-03-19,3,"Purr",1,08:17:00,08:29:00,6,0,19,0,"0",0,0,"0","0","4 5/16""",12,8766,413.425570654713,46,3,0.0562517135505514,2592000,8.80317381722826,238
"96","96",2015-03-19,3,"Fernando",1,09:27:00,09:48:00,9,0,7,0,"0",0,0,"N","1 stlhs lost at boat","4 5/16""",12,8766,413.425570654713,46,3,0.0562517135505514,4536000,8.80317381722826,238
"97","97",2015-03-19,3,"N. Cable",1,10:53:00,11:02:00,7,0,3,0,"0",0,0,"0","0","4 5/16""",12,8766,413.425570654713,46,3,0.0562517135505514,1944000,8.80317381722826,238
"98","98",2015-03-23,3,"Purr",1,09:50:00,10:11:00,4,0,1,0,"0",0,0,"0","0","4 5/16""",12,8766,478.554256442784,50,3,0.609012155534998,4536000,8.80317381722826,242
"99","99",2015-03-23,3,"Fernando",1,10:52:00,11:11:00,0,0,0,0,"0",0,0,"0","0","4 5/16""",12,8766,478.554256442784,50,3,0.609012155534998,4104000,8.80317381722826,242
"100","100",2015-03-23,3,"N. Cable",1,11:29:00,11:47:00,3,0,1,0,"0",0,0,"N","0","4 5/16""",12,8766,478.554256442784,50,3,0.609012155534998,3888000,8.80317381722826,242
"101","101",2015-03-24,3,"Purr",1,09:15:00,09:33:00,1,0,2,0,"0",0,0,"0","0","4 5/16""",12,8766,436.079026580999,51,3,0.257817958347304,3888000,8.80317381722826,243
"102","102",2015-03-24,3,"Fernando",1,10:12:00,10:26:00,14,0,6,1,"0",0,0,"0","0","4 5/16""",12,8766,436.079026580999,51,3,0.257817958347304,3024000,8.80317381722826,243
"103","103",2015-03-24,3,"N. Cable",1,11:45:00,11:55:00,13,0,3,0,"0",0,0,"N","Twist, re-do","4 5/16""",12,8766,436.079026580999,51,3,0.257817958347304,2160000,8.80317381722826,243
"104","104",2015-03-31,3,"Purr",1,09:24:00,09:36:00,2,0,0,0,"0",0,0,"N","0","4 5/16""",13,8766,518.197804313784,58,3,0.909730987246426,2592000,8.80317381722826,250
"105","105",2015-03-31,3,"Fernando",1,10:26:00,10:35:00,0,0,0,0,"0",0,0,"0","0","4 5/16""",13,8766,518.197804313784,58,3,0.909730987246426,1944000,8.80317381722826,250
"106","106",2015-03-31,3,"N. Cable",1,10:53:00,11:05:00,4,0,0,0,"0",0,0,"0","0","4 5/16""",13,8766,518.197804313784,58,3,0.909730987246426,2592000,8.80317381722826,250
"107","107",2015-04-06,3,"Purr",1,09:47:00,10:07:00,1,0,0,0,"0",0,0,"0","0","4 5/16""",14,8766,353.960248848213,64,4,-0.530517957557501,4320000,8.80317381722826,256
"108","108",2015-04-06,3,"Fernando",1,10:42:00,11:06:00,5,0,0,0,"0",0,0,"0","N","4 5/16""",14,8766,353.960248848213,64,4,-0.530517957557501,5184000,8.80317381722826,256
"109","109",2015-04-06,3,"N. Cable",1,12:00:00,12:17:00,5,0,3,0,"0",0,0,"0","N","4 5/16""",14,8766,353.960248848213,64,4,-0.530517957557501,3672000,8.80317381722826,256
"110","110",2015-04-14,3,"Purr",1,09:59:00,10:17:00,4,0,1,0,"0",0,0,"0","0","4 5/16""",15,8766,339.801838894285,72,4,-0.684762682872769,3888000,8.80317381722826,264
"111","111",2015-04-14,3,"N. Cable",1,10:12:00,10:27:00,3,0,0,0,"0",0,0,"N","0","4 5/16""",15,8766,339.801838894285,72,4,-0.684762682872769,3240000,8.80317381722826,264
"112","112",2015-04-14,3,"Fernando",1,11:14:00,11:33:00,2,0,0,0,"0",0,0,"0","0","4 5/16""",15,8766,339.801838894285,72,4,-0.684762682872769,4104000,8.80317381722826,264
"113","113",2016-02-26,4,"Purr",1,08:40:00,08:50:00,0,0,1,0,"0",0,0,"N","0","4 5/16""",9,8018,552.177988203213,25,2,1.14971455332663,2160000,8.80317381722826,313
"114","114",2016-02-26,4,"Fernando",1,09:10:00,09:24:00,0,0,0,0,"0",0,0,"N/A","0","4 5/8""",9,8018,552.177988203213,25,2,1.14971455332663,3024000,8.80317381722826,313
"115","115",2016-02-26,4,"N. Cable",1,09:42:00,09:53:00,1,0,0,0,"0",0,0,"N/A","0","4 5/8""",9,8018,552.177988203213,25,2,1.14971455332663,2376000,8.80317381722826,313
"116","116",2016-02-26,4,"Spud top",1,11:40:00,11:52:00,0,0,0,0,"0",0,0,"N/A","0","4 5/8""",9,8018,552.177988203213,25,2,1.14971455332663,2592000,8.80317381722826,313
"117","117",2016-02-26,4,"Spud top",2,11:59:00,12:12:00,0,0,0,0,"0",0,0,"N/A","0","4 5/8""",9,8018,552.177988203213,25,2,1.14971455332663,2808000,8.80317381722826,313
"118","118",2016-02-26,4,"Spud bottom",1,12:13:00,12:25:00,0,0,0,0,"0",0,0,"N/A","0","4 5/8""",9,8018,552.177988203213,25,2,1.14971455332663,2592000,8.80317381722826,313
"119","119",2016-02-26,4,"Spud bottom",2,12:26:00,12:37:00,0,0,0,0,"0",0,0,"N/A","0","4 5/8""",9,8018,552.177988203213,25,2,1.14971455332663,2376000,8.80317381722826,313
"120","120",2016-03-17,4,"Purr",1,09:20:00,09:38:00,6,0,5,0,"0",0,0,"N/A","0","4 5/8""",11,8018,450.237436534927,45,3,0.378546153857387,3888000,8.80317381722826,333
"121","121",2016-03-17,4,"Fernando",1,10:28:00,10:48:00,11,0,7,0,"0",0,0,"N/A","0","4 5/8""",11,8018,450.237436534927,45,3,0.378546153857387,4320000,8.80317381722826,333
"122","122",2016-03-17,4,"Cable",1,11:58:00,12:19:00,2,0,0,0,"0",0,0,"N/A","0","4 5/8""",11,8018,450.237436534927,45,3,0.378546153857387,4536000,8.80317381722826,333
"123","123",2016-03-17,4,"Spud top",1,13:36:00,13:52:00,0,0,0,0,"0",0,0,"N/A","0","4 5/8""",11,8018,450.237436534927,45,3,0.378546153857387,3456000,8.80317381722826,333
"124","124",2016-03-17,4,"Spud top",2,13:56:00,14:12:00,0,0,0,0,"0",0,0,"N/A","0","4 5/8""",11,8018,450.237436534927,45,3,0.378546153857387,3456000,8.80317381722826,333
"125","125",2016-03-17,4,"Spud bottom",1,14:13:00,14:22:00,0,0,0,0,"0",0,0,"N/A","0","4 5/8""",11,8018,450.237436534927,45,3,0.378546153857387,1944000,8.80317381722826,333
"126","126",2016-03-17,4,"Spud bottom",2,14:24:00,14:34:00,0,0,0,0,"0",0,0,"N/A","0","4 5/8""",11,8018,450.237436534927,45,3,0.378546153857387,2160000,8.80317381722826,333
"127","127",2016-03-22,4,"Purr",1,10:12:00,10:33:00,4,0,4,0,"0",0,0,"N/A",NA,"4 5/8""",12,8018,467.227528479642,50,3,0.518505527298308,4536000,8.80317381722826,338
"128","128",2016-03-22,4,"Fernando",1,11:32:00,11:45:00,9,0,0,1,"0",0,0,"N/A",NA,"4 5/8""",12,8018,467.227528479642,50,3,0.518505527298308,2808000,8.80317381722826,338
"129","129",2016-03-22,4,"Cable",1,11:55:00,12:11:00,5,0,2,0,"0",0,0,"N/A",NA,"4 5/8""",12,8018,467.227528479642,50,3,0.518505527298308,3456000,8.80317381722826,338
"130","130",2016-03-28,4,"Purr",1,08:50:00,09:30:00,0,0,0,1,"0",0,0,"N/A",NA,"4 5/8""",13,8018,495.544348387499,56,3,0.74083265438043,8640000,8.80317381722826,344
"131","131",2016-03-28,4,"Fernando",1,09:19:00,09:45:00,8,0,0,1,"0",0,0,"N/A",NA,"4 5/8""",13,8018,495.544348387499,56,3,0.74083265438043,5616000,8.80317381722826,344
"132","132",2016-03-28,4,"Cable",1,10:46:00,11:00:00,11,0,1,0,"0",0,0,"N/A",NA,"4 5/8""",13,8018,495.544348387499,56,3,0.74083265438043,3024000,8.80317381722826,344
"133","133",2016-03-28,4,"Entire spud",1,13:21:00,13:41:00,0,0,0,0,"0",0,0,"N/A",NA,"4 5/8""",13,8018,495.544348387499,56,3,0.74083265438043,4320000,8.80317381722826,344
"134","134",2016-03-28,4,"Entire spud",2,13:43:00,14:09:00,0,0,0,0,"0",0,0,"N/A",NA,"4 5/8""",13,8018,495.544348387499,56,3,0.74083265438043,5616000,8.80317381722826,344
"135","135",2016-04-06,4,"Purr",1,09:30:00,09:50:00,11,0,0,1,"0",0,0,"N/A",NA,"4 5/8""",14,8018,450.237436534927,65,4,0.378546153857387,4320000,8.80317381722826,353
"136","136",2016-04-06,4,"Fernando",1,10:51:00,11:12:00,8,0,0,0,"0",0,0,"N/A",NA,"4 5/8""",14,8018,450.237436534927,65,4,0.378546153857387,4536000,8.80317381722826,353
"137","137",2016-04-06,4,"Cable",1,12:40:00,12:52:00,14,0,0,0,"0",0,0,"N/A",NA,"4 5/8""",14,8018,450.237436534927,65,4,0.378546153857387,2592000,8.80317381722826,353
"138","138",2016-04-13,4,"Entire spud",1,09:06:00,09:29:00,0,0,0,0,"0",0,0,"N/A",NA,"4 5/8""",15,8018,464.395846488856,72,4,0.495536027565387,4968000,8.80317381722826,360
"139","139",2016-04-13,4,"Entire spud",2,09:35:00,09:59:00,0,0,0,0,"0",0,0,"N/A",NA,"4 5/8""",15,8018,464.395846488856,72,4,0.495536027565387,5184000,8.80317381722826,360
"140","140",2016-04-13,4,"Purr",1,11:47:00,12:03:00,2,0,1,1,"0",0,0,"N/A",NA,"4 5/8""",15,8018,464.395846488856,72,4,0.495536027565387,3456000,8.80317381722826,360
"141","141",2016-04-13,4,"Fernando",1,12:45:00,13:05:00,6,0,1,0,"0",0,0,"N/A",NA,"4 5/8""",15,8018,464.395846488856,72,4,0.495536027565387,4320000,8.80317381722826,360
"142","142",2016-04-13,4,"Cable",1,14:54:00,15:08:00,5,0,1,1,"0",0,0,"N/A",NA,"4 5/8""",15,8018,464.395846488856,72,4,0.495536027565387,3024000,8.80317381722826,360
"143","143",2016-04-18,4,"Purr",1,09:35:00,09:54:00,3,0,0,1,"0",0,0,"N/A",NA,"4 5/8""",16,8018,396.435478709999,77,4,-0.102308798721671,4104000,8.80317381722826,365
"144","144",2016-04-18,4,"Purr",2,10:02:00,10:21:00,3,0,0,0,"0",0,0,"N/A",NA,"4 5/8""",16,8018,396.435478709999,77,4,-0.102308798721671,4104000,8.80317381722826,365
"145","145",2016-04-18,4,"Fernando",1,11:03:00,11:21:00,0,0,0,0,"0",0,0,"N/A",NA,"4 5/8""",16,8018,396.435478709999,77,4,-0.102308798721671,3888000,8.80317381722826,365
"146","146",2016-04-18,4,"Fernando",2,11:27:00,11:48:00,0,0,0,0,"0",0,0,"N/A",NA,"4 5/8""",16,8018,396.435478709999,77,4,-0.102308798721671,4536000,8.80317381722826,365
"147","147",2016-04-18,4,"Cable",1,12:23:00,12:42:00,5,0,1,0,"0",0,0,"N/A",NA,"4 5/8""",16,8018,396.435478709999,77,4,-0.102308798721671,4104000,8.80317381722826,365
"148","148",2016-04-29,4,"Spud",1,09:19:00,09:34:00,0,0,0,0,"0",0,0,"N/A","Snag, cut 2 fathoms off","4 5/8""",18,8018,402.09884269157,88,4,-0.048712565765779,3240000,8.80317381722826,376
"149","149",2016-04-29,4,"Spud",2,09:52:00,10:05:00,0,0,0,0,"0",0,0,"N/A","Snag","4 5/8""",18,8018,402.09884269157,88,4,-0.048712565765779,2808000,8.80317381722826,376
"150","150",2016-04-29,4,"Spud (below snag)",1,10:27:00,10:41:00,0,0,0,0,"0",0,0,"N/A","Seal picked Chinook","4 5/8""",18,8018,402.09884269157,88,4,-0.048712565765779,3024000,8.80317381722826,376
"151","151",2016-04-29,4,"Spud (below snag)",2,10:44:00,10:59:00,0,0,0,0,"0",0,0,"N/A",NA,"4 5/8""",18,8018,402.09884269157,88,4,-0.048712565765779,3240000,8.80317381722826,376
"152","152",2016-04-29,4,"Purr",1,12:36:00,12:51:00,1,0,0,4,"6",0,0,"N/A",NA,"4 5/8""",18,8018,402.09884269157,88,4,-0.048712565765779,3240000,8.80317381722826,376
"153","153",2016-04-29,4,"Fernando",1,13:07:00,13:38:00,0,0,0,1,"0",0,0,"N/A",NA,"4 5/8""",18,8018,402.09884269157,88,4,-0.048712565765779,6696000,8.80317381722826,376
"154","154",2016-04-29,4,"Cable",1,14:06:00,14:20:00,6,0,1,0,"0",0,0,"N/A",NA,"4 5/8""",18,8018,402.09884269157,88,4,-0.048712565765779,3024000,8.80317381722826,376
"155","155",2017-02-02,5,"Purr",1,09:16:00,09:45:00,3,0,17,0,"3",0,0,"x",NA,"4 5/8""",5,6492,263.629593342149,1,2,-1.64380498472426,6264000,8.80317381722826,385
"156","156",2017-02-02,5,"Purr",2,10:03:00,10:27:00,1,0,4,0,"1",0,0,"x",NA,"4 5/8""",5,6492,263.629593342149,1,2,-1.64380498472426,5184000,8.80317381722826,385
"157","157",2017-02-02,5,"Fernando",1,11:14:00,11:42:00,1,0,2,0,"0",0,0,"x",NA,"4 5/8""",5,6492,263.629593342149,1,2,-1.64380498472426,6048000,8.80317381722826,385
"158","158",2017-02-02,5,"Fernando",2,11:49:00,12:16:00,1,0,0,0,"1",0,0,"x",NA,"4 5/8""",5,6492,263.629593342149,1,2,-1.64380498472426,5832000,8.80317381722826,385
"159","159",2017-02-02,5,"Cable",1,12:56:00,13:23:00,0,0,8,0,"6",0,0,"x",NA,"4 5/8""",5,6492,263.629593342149,1,2,-1.64380498472426,5832000,8.80317381722826,385
"160","160",2017-02-02,5,"Cable",2,13:27:00,13:48:00,1,0,5,0,"4",0,0,"x",NA,"4 5/8""",5,6492,263.629593342149,1,2,-1.64380498472426,4536000,8.80317381722826,385
"161","161",2017-02-09,5,"N. CABLE",1,09:21:00,09:36:00,0,0,0,0,"0",0,0,"x",NA,"4 5/8""",6,6492,532.356214267713,8,2,1.01158273545702,3240000,8.80317381722826,392
"162","162",2017-02-09,5,"N. CABLE",2,09:39:00,09:53:00,3,0,4,0,"0",0,0,"x",NA,"4 5/8""",6,6492,532.356214267713,8,2,1.01158273545702,3024000,8.80317381722826,392
"163","163",2017-02-09,5,"FERNANDO",1,10:41:00,11:05:00,0,0,2,0,"0",0,0,"x",NA,"4 5/8""",6,6492,532.356214267713,8,2,1.01158273545702,5184000,8.80317381722826,392
"164","164",2017-02-09,5,"FERNANDO",2,11:11:00,11:41:00,0,0,3,0,"0",0,0,"x",NA,"4 5/8""",6,6492,532.356214267713,8,2,1.01158273545702,6480000,8.80317381722826,392
"165","165",2017-02-09,5,"Purr",1,12:19:00,12:35:00,0,0,1,0,"0",0,0,"x",NA,"4 5/8""",6,6492,532.356214267713,8,2,1.01158273545702,3456000,8.80317381722826,392
"166","166",2017-02-14,5,"CABLE",1,09:11:00,09:27:00,6,0,1,0,"0",0,0,"x",NA,"4 5/8""",7,6492,421.92061662707,13,2,0.133104622013847,3456000,8.80317381722826,397
"167","167",2017-02-14,5,"CABLE",2,09:47:00,10:00:00,0,0,0,0,"0",0,0,"x",NA,"4 5/8""",7,6492,421.92061662707,13,2,0.133104622013847,2808000,8.80317381722826,397
"168","168",2017-02-14,5,"FERNANDO",1,10:41:00,11:09:00,3,0,1,0,"0",0,0,"x",NA,"4 5/8""",7,6492,421.92061662707,13,2,0.133104622013847,6048000,8.80317381722826,397
"169","169",2017-02-14,5,"FERNANDO",2,11:21:00,11:37:00,0,0,0,0,"0",0,0,"x",NA,"4 5/8""",7,6492,421.92061662707,13,2,0.133104622013847,3456000,8.80317381722826,397
"170","170",2017-02-14,5,"Purr",1,12:20:00,12:32:00,5,0,6,0,"0",0,0,"x",NA,"4 5/8""",7,6492,421.92061662707,13,2,0.133104622013847,2592000,8.80317381722826,397
"171","171",2017-02-14,5,"Purr",2,12:51:00,13:10:00,0,0,1,0,"0",0,0,"x",NA,"4 5/8""",7,6492,421.92061662707,13,2,0.133104622013847,4104000,8.80317381722826,397
"172","172",2017-02-23,5,"CABLE",1,09:16:00,09:29:00,3,0,1,0,"0",0,0,"x",NA,"4 5/8""",8,6492,509.702758341427,22,2,0.847275498016166,2808000,8.80317381722826,406
"173","173",2017-02-23,5,"CABLE",2,09:33:00,09:49:00,3,0,0,0,"0",0,0,"x",NA,"4 5/8""",8,6492,509.702758341427,22,2,0.847275498016166,3456000,8.80317381722826,406
"174","174",2017-02-23,5,"FERNANDO",1,10:41:00,11:11:00,6,0,0,0,"0",0,0,"x",NA,"4 5/8""",8,6492,509.702758341427,22,2,0.847275498016166,6480000,8.80317381722826,406
"175","175",2017-02-23,5,"FERNANDO",2,11:16:00,11:42:00,3,0,0,0,"0",0,0,"x",NA,"4 5/8""",8,6492,509.702758341427,22,2,0.847275498016166,5616000,8.80317381722826,406
"176","176",2017-02-23,5,"Purr",1,12:45:00,12:59:00,3,0,4,0,"0",0,0,"x",NA,"4 5/8""",8,6492,509.702758341427,22,2,0.847275498016166,3024000,8.80317381722826,406
"177","177",2017-02-23,5,"Purr",2,13:10:00,13:38:00,1,0,5,0,"0",0,0,"x",NA,"4 5/8""",8,6492,509.702758341427,22,2,0.847275498016166,6048000,8.80317381722826,406
"178","178",2017-03-01,5,"CABLE",1,09:11:00,09:27:00,3,1,0,0,"2",0,0,"x",NA,"4 5/8""",9,6492,317.148382967999,28,3,-0.945450251823773,3456000,8.80317381722826,412
"179","179",2017-03-01,5,"CABLE",2,09:32:00,09:53:00,7,0,0,0,"0",0,0,"x",NA,"4 5/8""",9,6492,317.148382967999,28,3,-0.945450251823773,4536000,8.80317381722826,412
"180","180",2017-03-01,5,"FERNANDO",1,10:50:00,11:13:00,8,0,4,0,"0",0,0,"x",NA,"4 5/8""",9,6492,317.148382967999,28,3,-0.945450251823773,4968000,8.80317381722826,412
"181","181",2017-03-01,5,"FERNANDO",2,11:27:00,11:46:00,1,0,0,0,"0",0,0,"x",NA,"4 5/8""",9,6492,317.148382967999,28,3,-0.945450251823773,4104000,8.80317381722826,412
"182","182",2017-03-01,5,"Purr",1,12:37:00,13:05:00,6,0,0,0,"0",0,0,"x",NA,"4 5/8""",9,6492,317.148382967999,28,3,-0.945450251823773,6048000,8.80317381722826,412
"183","183",2017-03-01,5,"Purr",2,13:12:00,13:24:00,0,0,0,0,"0",0,0,"x",NA,"4 5/8""",9,6492,317.148382967999,28,3,-0.945450251823773,2592000,8.80317381722826,412
"184","184",2017-03-09,5,"N. Cable",1,09:28:00,09:43:00,11,0,2,0,"0",0,0,"x",NA,"4 5/8""",10,6492,373.782022783713,36,3,-0.324635925803793,3240000,8.80317381722826,420
"185","185",2017-03-09,5,"N. Cable",2,10:05:00,10:20:00,1,0,0,0,"0",0,0,"x",NA,"4 5/8""",10,6492,373.782022783713,36,3,-0.324635925803793,3240000,8.80317381722826,420
"186","186",2017-03-09,5,"FERNANDO",1,11:38:00,12:04:00,10,1,0,0,"0",0,0,"x",NA,"4 5/8""",10,6492,373.782022783713,36,3,-0.324635925803793,5616000,8.80317381722826,420
"187","187",2017-03-09,5,"FERNANDO",2,12:27:00,12:47:00,0,0,0,0,"0",0,0,"x",NA,"4 5/8""",10,6492,373.782022783713,36,3,-0.324635925803793,4320000,8.80317381722826,420
"188","188",2017-03-09,5,"Purr",1,14:03:00,14:23:00,3,0,0,0,"0",0,0,"x",NA,"4 5/8""",10,6492,373.782022783713,36,3,-0.324635925803793,4320000,8.80317381722826,420
"189","189",2017-03-09,5,"Purr",2,14:33:00,14:53:00,0,0,0,0,"0",0,0,"x",NA,"4 5/8""",10,6492,373.782022783713,36,3,-0.324635925803793,4320000,8.80317381722826,420
"190","190",2017-03-22,5,"CABLE",1,09:21:00,09:33:00,7,0,1,0,"0",0,0,"x",NA,"4 5/8""",12,6492,637.128447926784,49,3,1.69041695111827,2592000,8.80317381722826,433
"191","191",2017-03-22,5,"CABLE",2,09:38:00,09:49:00,0,0,0,0,"0",0,0,"x",NA,"4 5/8""",12,6492,637.128447926784,49,3,1.69041695111827,2376000,8.80317381722826,433
"192","192",2017-03-22,5,"FERNANDO",1,10:39:00,11:08:00,11,0,1,0,"0",0,0,"x",NA,"4 5/8""",12,6492,637.128447926784,49,3,1.69041695111827,6264000,8.80317381722826,433
"193","193",2017-03-22,5,"FERNANDO",2,11:27:00,11:54:00,6,0,0,0,"0",0,0,"x",NA,"4 5/8""",12,6492,637.128447926784,49,3,1.69041695111827,5832000,8.80317381722826,433
"194","194",2017-03-22,5,"Purr",1,13:42:00,13:55:00,3,0,1,0,"0",0,0,"x",NA,"4 5/8""",12,6492,637.128447926784,49,3,1.69041695111827,2808000,8.80317381722826,433
"195","195",2017-03-22,5,"Purr",2,13:59:00,14:12:00,3,0,0,0,"0",0,0,"x",NA,"4 5/8""",12,6492,637.128447926784,49,3,1.69041695111827,2808000,8.80317381722826,433
"196","196",2017-03-27,5,"CABLE",1,09:30:00,09:47:00,12,0,0,1,"0",0,0,"x",NA,"4 5/8""",13,6492,540.85126024007,54,3,1.07140146877426,3672000,8.80317381722826,438
"197","197",2017-03-27,5,"CABLE",2,10:02:00,10:14:00,0,0,0,0,"0",0,0,"x",NA,"4 5/8""",13,6492,540.85126024007,54,3,1.07140146877426,2592000,8.80317381722826,438
"198","198",2017-03-27,5,"FERNANDO",1,11:15:00,11:38:00,7,0,0,0,"0",0,0,"x",NA,"4 5/8""",13,6492,540.85126024007,54,3,1.07140146877426,4968000,8.80317381722826,438
"199","199",2017-03-27,5,"FERNANDO",2,11:43:00,12:02:00,1,0,0,0,"0",0,0,"x",NA,"4 5/8""",13,6492,540.85126024007,54,3,1.07140146877426,4104000,8.80317381722826,438
"200","200",2017-03-27,5,"Purr",1,12:53:00,13:11:00,7,0,2,0,"0",0,0,"x",NA,"4 5/8""",13,6492,540.85126024007,54,3,1.07140146877426,3888000,8.80317381722826,438
"201","201",2017-03-27,5,"Purr",2,13:26:00,13:45:00,1,0,3,0,"0",0,0,"x",NA,"4 5/8""",13,6492,540.85126024007,54,3,1.07140146877426,4104000,8.80317381722826,438
"202","202",2017-04-03,5,"CABLE",1,09:28:00,09:42:00,6,0,0,0,"0",0,0,"x",NA,"4 5/8""",14,6492,509.702758341427,61,4,0.847275498016166,3024000,8.80317381722826,445
"203","203",2017-04-03,5,"CABLE",2,09:51:00,10:06:00,1,0,1,0,"0",0,0,"x",NA,"4 5/8""",14,6492,509.702758341427,61,4,0.847275498016166,3240000,8.80317381722826,445
"204","204",2017-04-03,5,"FERNANDO",1,11:03:00,11:27:00,5,0,1,0,"0",0,0,"x",NA,"4 5/8""",14,6492,509.702758341427,61,4,0.847275498016166,5184000,8.80317381722826,445
"205","205",2017-04-03,5,"FERNANDO",2,11:35:00,12:00:00,2,0,0,0,"0",0,0,"x",NA,"4 5/8""",14,6492,509.702758341427,61,4,0.847275498016166,5400000,8.80317381722826,445
"206","206",2017-04-03,5,"Purr",1,12:59:00,13:18:00,1,0,0,1,"0",0,0,"x",NA,"4 5/8""",14,6492,509.702758341427,61,4,0.847275498016166,4104000,8.80317381722826,445
"207","207",2017-04-03,5,"Purr",2,13:23:00,13:40:00,1,0,0,0,"0",0,0,"x",NA,"4 5/8""",14,6492,509.702758341427,61,4,0.847275498016166,3672000,8.80317381722826,445
"208","208",2017-04-12,5,"CABLE",1,09:28:00,09:45:00,11,0,0,2,"0",0,0,"x",NA,"4  5/16",15,6492,506.871076350641,70,4,0.826225465467024,3672000,8.80317381722826,454
"209","209",2017-04-12,5,"CABLE",2,09:47:00,10:01:00,4,0,0,2,"0",0,0,"x",NA,"4  5/16",15,6492,506.871076350641,70,4,0.826225465467024,3024000,8.80317381722826,454
"210","210",2017-04-12,5,"FERNANDO",1,11:21:00,11:41:00,9,0,0,0,"0",0,0,"x",NA,"4  5/16",15,6492,506.871076350641,70,4,0.826225465467024,4320000,8.80317381722826,454
"211","211",2017-04-12,5,"FERNANDO",2,11:51:00,12:09:00,1,0,0,0,"0",0,0,"x",NA,"4  5/16",15,6492,506.871076350641,70,4,0.826225465467024,3888000,8.80317381722826,454
"212","212",2017-04-12,5,"Purr",1,13:00:00,13:15:00,4,0,0,1,"0",0,0,"x",NA,"4  5/16",15,6492,506.871076350641,70,4,0.826225465467024,3240000,8.80317381722826,454
"213","213",2017-04-12,5,"Purr",2,13:23:00,13:35:00,1,0,0,0,"0",0,0,"x",NA,"4 1/3",15,6492,506.871076350641,70,4,0.826225465467024,2592000,8.80317381722826,454
"214","214",2017-04-18,5,"CABLE",1,09:14:00,09:31:00,0,0,0,1,"0",0,0,"x",NA,"4 5/8''",16,6492,489.880984405927,76,4,0.697401474252465,3672000,8.80317381722826,460
"215","215",2017-04-18,5,"CABLE",2,09:35:00,09:51:00,7,0,0,1,"0",0,0,"x",NA,"4 5/8''",16,6492,489.880984405927,76,4,0.697401474252465,3456000,8.80317381722826,460
"216","216",2017-04-18,5,"FERNANDO",1,10:45:00,11:04:00,2,0,1,0,"0",0,0,"x",NA,"4 5/8''",16,6492,489.880984405927,76,4,0.697401474252465,4104000,8.80317381722826,460
"217","217",2017-04-18,5,"FERNANDO",2,11:09:00,11:26:00,1,0,0,0,"0",0,0,"x",NA,"4 5/8''",16,6492,489.880984405927,76,4,0.697401474252465,3672000,8.80317381722826,460
"218","218",2017-04-18,5,"Purr",1,12:09:00,12:27:00,3,0,0,0,"0",0,0,"x",NA,"4 5/8''",16,6492,489.880984405927,76,4,0.697401474252465,3888000,8.80317381722826,460
"219","219",2017-04-18,5,"Purr",2,12:33:00,12:49:00,1,0,0,0,"0",0,0,"x",NA,"4 5/8",16,6492,489.880984405927,76,4,0.697401474252465,3456000,8.80317381722826,460
"220","220",2017-04-25,5,"CABLE",1,09:22:00,09:37:00,4,0,0,2,"0",0,0,"x",NA,"4 5/8''",17,6492,535.187896258499,83,4,1.03162772183186,3240000,8.80317381722826,467
"221","221",2017-04-25,5,"CABLE",2,09:43:00,09:54:00,0,0,0,0,"0",0,0,"x",NA,"4 5/8''",17,6492,535.187896258499,83,4,1.03162772183186,2376000,8.80317381722826,467
"222","222",2017-04-25,5,"FERNANDO",1,10:33:00,10:50:00,0,0,0,0,"0",0,0,"x",NA,"4 5/8''",17,6492,535.187896258499,83,4,1.03162772183186,3672000,8.80317381722826,467
"223","223",2017-04-25,5,"FERNANDO",2,10:54:00,11:18:00,3,0,0,0,"0",0,0,"x",NA,"4 5/8''",17,6492,535.187896258499,83,4,1.03162772183186,5184000,8.80317381722826,467
"224","224",2017-04-25,5,"Purr",1,11:55:00,12:11:00,4,0,0,2,"0",0,0,"x",NA,"4 5/8''",17,6492,535.187896258499,83,4,1.03162772183186,3456000,8.80317381722826,467
"225","225",2017-04-25,5,"Purr",2,12:17:00,12:30:00,0,0,0,4,"0",0,0,"x",NA,"4 5/8",17,6492,535.187896258499,83,4,1.03162772183186,2808000,8.80317381722826,467
"226","226",2017-05-02,5,"CABLE",1,12:17:00,12:32:00,5,0,0,0,"0",0,0,"x",NA,"4 5/8''",18,6492,444.574072553356,90,5,0.330716767484,3240000,8.80317381722826,474
"227","227",2017-05-02,5,"CABLE",2,12:38:00,12:53:00,2,0,0,0,"0",0,0,"x",NA,"4 5/8''",18,6492,444.574072553356,90,5,0.330716767484,3240000,8.80317381722826,474
"228","228",2017-05-02,5,"FERNANDO",1,14:02:00,14:22:00,0,0,0,0,"0",0,0,"x",NA,"4 5/8''",18,6492,444.574072553356,90,5,0.330716767484,4320000,8.80317381722826,474
"229","229",2017-05-02,5,"FERNANDO",2,14:27:00,14:51:00,1,0,0,0,"0",0,0,"x",NA,"4 5/8''",18,6492,444.574072553356,90,5,0.330716767484,5184000,8.80317381722826,474
"230","230",2017-05-02,5,"Purr",1,15:11:00,15:31:00,0,0,0,1,"0",0,0,"x",NA,"4 5/8''",18,6492,444.574072553356,90,5,0.330716767484,4320000,8.80317381722826,474
"231","231",2017-05-02,5,"Purr",2,15:42:00,16:02:00,0,0,0,0,"0",0,0,"x",NA,"4 5/8",18,6492,444.574072553356,90,5,0.330716767484,4320000,8.80317381722826,474
"232","232",2019-02-21,7,"CABLE",1,10:28:00,10:44:00,1,0,2,0,"0",0,0,"x",NA,NA,8,4638,305.821655004856,20,2,-1.08286434320818,3456000,8.80317381722826,596
"233","233",2019-02-21,7,"FERNANDO",1,11:37:00,11:55:00,0,0,0,0,"0",0,0,"x",NA,NA,8,4638,305.821655004856,20,2,-1.08286434320818,3888000,8.80317381722826,596
"234","234",2019-02-21,7,"FERNANDO",2,11:58:00,12:16:00,0,0,0,0,"0",0,0,"x",NA,NA,8,4638,305.821655004856,20,2,-1.08286434320818,3888000,8.80317381722826,596
"235","235",2019-02-21,7,"Purr",1,12:34:00,12:58:00,1,0,3,0,"0",0,0,"x",NA,NA,8,4638,305.821655004856,20,2,-1.08286434320818,5184000,8.80317381722826,596
"236","236",2019-02-21,7,"Purr",2,13:07:00,13:29:00,0,0,0,0,"0",0,0,"x",NA,NA,8,4638,305.821655004856,20,2,-1.08286434320818,4752000,8.80317381722826,596
"237","237",2019-03-06,7,"Cable",1,07:56:00,08:12:00,5,0,1,0,"0",0,0,"x",NA,"4 5/8''",10,4638,272.974143911742,33,3,-1.5121932149193,3456000,8.80317381722826,609
"238","238",2019-03-06,7,"Cable",2,08:17:00,08:30:00,1,0,0,0,"0",0,0,"x",NA,"4 5/8''",10,4638,272.974143911742,33,3,-1.5121932149193,2808000,8.80317381722826,609
"239","239",2019-03-06,7,"Fernando",1,09:14:00,09:37:00,5,0,3,0,"0",0,0,"x",NA,"4 5/8''",10,4638,272.974143911742,33,3,-1.5121932149193,4968000,8.80317381722826,609
"240","240",2019-03-06,7,"Fernando",2,09:48:00,10:03:00,3,0,3,0,"0",0,0,"x",NA,"4 5/8''",10,4638,272.974143911742,33,3,-1.5121932149193,3240000,8.80317381722826,609
"241","241",2019-03-06,7,"Purr",1,10:47:00,11:11:00,1,0,0,0,"0",0,0,"x",NA,"4 5/8''",10,4638,272.974143911742,33,3,-1.5121932149193,5184000,8.80317381722826,609
"242","242",2019-03-06,7,"Purr",2,11:18:00,11:37:00,2,0,2,0,"0",0,0,"x",NA,"4 5/8''",10,4638,272.974143911742,33,3,-1.5121932149193,4104000,8.80317381722826,609
"243","243",2019-03-13,7,"N. Cable",1,08:59:00,09:22:00,10,0,0,0,"0",0,0,"x",NA,"4 5/8''",11,4638,268.443452726485,40,3,-1.57543270063956,4968000,8.80317381722826,616
"244","244",2019-03-13,7,"N. Cable",2,09:28:00,09:48:00,1,0,0,0,"0",0,0,"x",NA,"4 5/8''",11,4638,268.443452726485,40,3,-1.57543270063956,4320000,8.80317381722826,616
"245","245",2019-03-13,7,"FERNANDO",1,10:36:00,10:56:00,1,0,0,0,"0",0,0,"x",NA,"4 5/8''",11,4638,268.443452726485,40,3,-1.57543270063956,4320000,8.80317381722826,616
"246","246",2019-03-13,7,"FERNANDO",2,11:19:00,11:43:00,3,0,0,0,"0",0,0,"x",NA,"4 5/8''",11,4638,268.443452726485,40,3,-1.57543270063956,5184000,8.80317381722826,616
"247","247",2019-03-13,7,"Purr",1,12:07:00,12:33:00,2,0,0,0,"0",0,0,"x",NA,"4 5/8''",11,4638,268.443452726485,40,3,-1.57543270063956,5616000,8.80317381722826,616
"248","248",2019-03-13,7,"Purr",2,12:44:00,13:07:00,3,0,2,0,"0",0,0,"x",NA,"4 5/8''",11,4638,268.443452726485,40,3,-1.57543270063956,4968000,8.80317381722826,616
"249","249",2019-03-21,7,"Cable",1,08:56:00,09:09:00,16,0,0,1,"0",0,0,"x","Engine problems. Continue tomorrow","4 5/8''",12,4638,342.63352088507,48,3,-0.653405896521647,2808000,8.80317381722826,624
"250","250",2019-03-22,7,"Fernando",1,09:08:00,09:28:00,0,0,0,0,"0",0,0,"x",NA,"4 5/8''",12,4638,345.465202875856,49,3,-0.622307193642505,4320000,8.80317381722826,625
"251","251",2019-03-22,7,"Fernando",2,09:32:00,09:56:00,1,0,0,0,"0",0,0,"x",NA,"4 5/8''",12,4638,345.465202875856,49,3,-0.622307193642505,5184000,8.80317381722826,625
"252","252",2019-03-22,7,"Purr",1,10:16:00,10:35:00,4,0,0,0,"0",0,0,"x",NA,"4 5/8''",12,4638,345.465202875856,49,3,-0.622307193642505,4104000,8.80317381722826,625
"253","253",2019-03-22,7,"Purr",2,10:46:00,11:02:00,2,0,0,0,"0",0,0,"x",NA,"4 5/8''",12,4638,345.465202875856,49,3,-0.622307193642505,3456000,8.80317381722826,625
"254","254",2019-03-27,7,"Cable",1,09:50:00,10:08:00,4,0,0,0,"0",0,0,"x",NA,"4 5/8''",13,4638,331.306792921928,54,3,-0.780425287897709,3888000,8.80317381722826,630
"255","255",2019-03-27,7,"Cable",2,10:20:00,10:38:00,7,0,0,0,"0",0,0,"x",NA,"4 5/8''",13,4638,331.306792921928,54,3,-0.780425287897709,3888000,8.80317381722826,630
"256","256",2019-03-27,7,"Fernando",1,11:53:00,12:13:00,1,0,0,0,"0",0,0,"x",NA,"4 5/8''",13,4638,331.306792921928,54,3,-0.780425287897709,4320000,8.80317381722826,630
"257","257",2019-03-27,7,"Fernando",2,12:22:00,12:41:00,0,0,0,0,"0",0,0,"x",NA,"4 5/8''",13,4638,331.306792921928,54,3,-0.780425287897709,4104000,8.80317381722826,630
"258","258",2019-03-27,7,"Purr",1,12:55:00,13:14:00,3,0,0,0,"0",0,0,"x",NA,"4 5/8''",13,4638,331.306792921928,54,3,-0.780425287897709,4104000,8.80317381722826,630
"259","259",2019-03-27,7,"Purr",2,13:24:00,13:35:00,1,0,0,0,"0",0,0,"x",NA,"4 5/8''",13,4638,331.306792921928,54,3,-0.780425287897709,2376000,8.80317381722826,630
"260","260",2019-04-04,7,"Cable",1,09:40:00,09:57:00,7,0,0,0,"0",0,0,"x","none","4 5/8''",14,4638,336.970156903499,62,4,-0.716381872159512,3672000,8.80317381722826,638
"261","261",2019-04-04,7,"Cable",2,10:08:00,10:26:00,1,0,0,0,"0",0,0,"x","none","4 5/8''",14,4638,336.970156903499,62,4,-0.716381872159512,3888000,8.80317381722826,638
"262","262",2019-04-04,7,"Fernando",1,11:27:00,11:37:00,0,0,0,0,"0",0,0,"x","none","4 5/8''",14,4638,336.970156903499,62,4,-0.716381872159512,2160000,8.80317381722826,638
"263","263",2019-04-04,7,"Fernando",2,11:52:00,12:17:00,1,0,0,0,"0",0,0,"x","none","4 5/8''",14,4638,336.970156903499,62,4,-0.716381872159512,5400000,8.80317381722826,638
"264","264",2019-04-04,7,"Purr",1,13:09:00,13:30:00,4,0,0,0,"0",0,0,"x","none","4 5/8''",14,4638,336.970156903499,62,4,-0.716381872159512,4536000,8.80317381722826,638
"265","265",2019-04-04,7,"Purr",2,13:40:00,13:59:00,0,0,0,0,"0",0,0,"x","none","4 5/8''",14,4638,336.970156903499,62,4,-0.716381872159512,4104000,8.80317381722826,638
"266","266",2019-04-11,7,"Cable",1,09:25:00,09:39:00,6,0,0,0,"0",0,0,"x","none","4 5/8''",15,4638,370.950340792928,69,4,-0.353369684579931,3024000,8.80317381722826,645
"267","267",2019-04-11,7,"Cable",2,09:49:00,10:02:00,2,0,0,0,"0",0,0,"x","none","4 5/8''",15,4638,370.950340792928,69,4,-0.353369684579931,2808000,8.80317381722826,645
"268","268",2019-04-11,7,"Fernando",1,10:53:00,11:21:00,6,0,0,0,"0",0,0,"x","none","4 5/8''",15,4638,370.950340792928,69,4,-0.353369684579931,6048000,8.80317381722826,645
"269","269",2019-04-11,7,"Fernando",2,11:40:00,11:59:00,1,0,1,0,"0",0,0,"x","none","4 5/8''",15,4638,370.950340792928,69,4,-0.353369684579931,4104000,8.80317381722826,645
"270","270",2019-04-11,7,"Purr",1,12:45:00,12:56:00,4,0,1,0,"0",0,0,"x","none","4 5/8''",15,4638,370.950340792928,69,4,-0.353369684579931,2376000,8.80317381722826,645
"271","271",2019-04-11,7,"Purr",2,13:24:00,13:44:00,1,0,1,0,"0",0,0,"x","none","4 5/8''",15,4638,370.950340792928,69,4,-0.353369684579931,4320000,8.80317381722826,645
"272","272",2019-04-18,7,"Cable",1,08:47:00,09:02:00,5,0,0,0,"0",0,0,"x","none","4 5/8''",16,4638,382.27706875607,76,4,-0.239722890106075,3240000,8.80317381722826,652
"273","273",2019-04-18,7,"Cable",2,09:07:00,09:22:00,2,0,0,0,"0",0,0,"x","none","4 5/8''",16,4638,382.27706875607,76,4,-0.239722890106075,3240000,8.80317381722826,652
"274","274",2019-04-18,7,"Fernando",1,10:00:00,10:18:00,0,0,0,0,"0",0,0,"x","none","4 5/8''",16,4638,382.27706875607,76,4,-0.239722890106075,3888000,8.80317381722826,652
"275","275",2019-04-18,7,"Fernando",2,10:22:00,10:41:00,0,0,0,0,"0",0,0,"x","none","4 5/8''",16,4638,382.27706875607,76,4,-0.239722890106075,4104000,8.80317381722826,652
"276","276",2019-04-18,7,"Purr",1,10:46:00,11:05:00,0,0,0,0,"0",0,0,"x","none","4 5/8''",16,4638,382.27706875607,76,4,-0.239722890106075,4104000,8.80317381722826,652
"277","277",2019-04-18,7,"Purr",2,11:08:00,11:27:00,0,0,1,0,"0",0,0,"x","none","4 5/8''",16,4638,382.27706875607,76,4,-0.239722890106075,4104000,8.80317381722826,652
"278","278",2019-04-25,7,"Cable",1,09:50:00,10:05:00,3,0,0,0,"0",0,0,"x","none","4 5/8''",17,4638,447.405754544142,83,4,0.354707140584779,3240000,8.80317381722826,659
"279","279",2019-04-25,7,"Cable",2,10:11:00,10:25:00,0,0,0,0,"0",0,0,"x","none","4 5/8''",17,4638,447.405754544142,83,4,0.354707140584779,3024000,8.80317381722826,659
"280","280",2019-04-25,7,"Fernando",1,11:10:00,11:31:00,0,0,0,0,"0",0,0,"x","none","4 5/8''",17,4638,447.405754544142,83,4,0.354707140584779,4536000,8.80317381722826,659
"281","281",2019-04-25,7,"Fernando",2,11:37:00,12:00:00,1,0,0,0,"0",0,0,"x","none","4 5/8''",17,4638,447.405754544142,83,4,0.354707140584779,4968000,8.80317381722826,659
"282","282",2019-04-25,7,"Purr",1,12:42:00,13:00:00,3,0,0,0,"0",0,0,"x","none","4 5/8''",17,4638,447.405754544142,83,4,0.354707140584779,3888000,8.80317381722826,659
"283","283",2019-04-25,7,"Purr",2,13:07:00,13:27:00,0,0,0,0,"0",0,0,"x","none","4 5/8''",17,4638,447.405754544142,83,4,0.354707140584779,4320000,8.80317381722826,659
"284","284",2020-02-19,8,"CABLE",1,09:54:00,10:07:00,1,0,0,0,"0",0,0,"x","none","4 5/8''",8,3092,478.554256442784,18,2,0.609012155534998,2808000,8.80317381722826,690
"285","285",2020-02-19,8,"CABLE",2,10:11:00,10:25:00,0,0,0,0,"0",0,0,"x","Back to launch for gear","4 5/8''",8,3092,478.554256442784,18,2,0.609012155534998,3024000,8.80317381722826,690
"286","286",2020-02-19,8,"Fernando",1,10:57:00,11:19:00,1,0,0,0,"0",0,0,"x","none","4 5/8''",8,3092,478.554256442784,18,2,0.609012155534998,4752000,8.80317381722826,690
"287","287",2020-02-19,8,"Fernando",2,11:24:00,11:51:00,0,0,2,0,"0",0,0,"x","none","4 5/8''",8,3092,478.554256442784,18,2,0.609012155534998,5832000,8.80317381722826,690
"288","288",2020-02-19,8,"Purr",1,12:43:00,13:00:00,14,0,1,0,"0",0,0,"x","none","4 5/8''",8,3092,478.554256442784,18,2,0.609012155534998,3672000,8.80317381722826,690
"289","289",2020-02-19,8,"Purr",2,13:18:00,13:38:00,0,0,0,0,"0",0,0,"x","none","4 5/8''",8,3092,478.554256442784,18,2,0.609012155534998,4320000,8.80317381722826,690
"290","290",2020-02-27,8,"N. Cable",1,09:27:00,09:42:00,3,0,0,0,"0",0,0,"x",NA,"4 5/8''",9,3092,472.890892461213,26,2,0.564029825823475,3240000,8.80317381722826,698
"291","291",2020-02-27,8,"N. Cable",2,09:58:00,10:11:00,1,0,0,0,"0",0,0,"x",NA,"4 5/8''",9,3092,472.890892461213,26,2,0.564029825823475,2808000,8.80317381722826,698
"292","292",2020-02-27,8,"Fernando",1,10:53:00,11:19:00,8,1,2,0,"0",0,0,"x",NA,"4.625",9,3092,472.890892461213,26,2,0.564029825823475,5616000,8.80317381722826,698
"293","293",2020-02-27,8,"Fernando",2,11:40:00,12:11:00,2,0,1,0,"0",0,0,"x",NA,"4.625",9,3092,472.890892461213,26,2,0.564029825823475,6696000,8.80317381722826,698
"294","294",2020-02-27,8,"Purr",1,13:00:00,13:49:00,4,0,0,0,"0",0,0,"x",NA,"4.625",9,3092,472.890892461213,26,2,0.564029825823475,10584000,8.80317381722826,698
"295","295",2020-02-27,8,"Purr",2,13:57:00,14:15:00,1,0,0,0,"0",0,0,"x",NA,"4.625",9,3092,472.890892461213,26,2,0.564029825823475,3888000,8.80317381722826,698
"296","296",2020-03-04,8,"N. Cable",1,09:59:00,10:13:00,7,0,0,0,"0",0,0,"x","none","4 5/8''",10,3092,461.56416449807,32,3,0.472426040722333,3024000,8.80317381722826,704
"297","297",2020-03-04,8,"N. Cable",2,10:29:00,10:42:00,0,0,0,0,"0",0,0,"x","none","4 5/8''",10,3092,461.56416449807,32,3,0.472426040722333,2808000,8.80317381722826,704
"298","298",2020-03-04,8,"Fernando",1,11:38:00,11:58:00,6,0,2,0,"0",0,0,"x","none","4 5/8''",10,3092,461.56416449807,32,3,0.472426040722333,4320000,8.80317381722826,704
"299","299",2020-03-04,8,"Fernando",2,11:38:00,11:58:00,6,0,2,0,"0",0,0,"x","none","4 5/8''",10,3092,461.56416449807,32,3,0.472426040722333,4320000,8.80317381722826,704
"300","300",2020-03-04,8,"Purr",1,13:51:00,13:52:00,3,0,0,0,"0",0,0,"x","none","4 5/8''",10,3092,461.56416449807,32,3,0.472426040722333,216000,8.80317381722826,704
"301","301",2020-03-04,8,"Purr",2,14:17:00,14:37:00,2,0,0,0,"0",0,0,"x","none","4 5/8''",10,3092,461.56416449807,32,3,0.472426040722333,4320000,8.80317381722826,704
"302","302",2020-03-11,8,"N. Cable",1,08:35:00,08:49:00,1,0,0,0,"0",0,0,"x","none","4 5/8''",11,3092,385.108750746856,39,3,-0.211837368188369,3024000,8.80317381722826,711
"303","303",2020-03-11,8,"N. Cable",2,08:54:00,09:11:00,1,0,0,0,"0",0,0,"x","none","4 5/8''",11,3092,385.108750746856,39,3,-0.211837368188369,3672000,8.80317381722826,711
"304","304",2020-03-11,8,"Fernando",1,09:44:00,10:00:00,0,0,0,0,"0",0,0,"x","none","4.625",11,3092,385.108750746856,39,3,-0.211837368188369,3456000,8.80317381722826,711
"305","305",2020-03-11,8,"Fernando",2,10:04:00,10:27:00,2,0,0,0,"0",0,0,"x","none","4.625",11,3092,385.108750746856,39,3,-0.211837368188369,4968000,8.80317381722826,711
"306","306",2020-03-11,8,"Purr",1,10:56:00,11:14:00,2,0,0,0,"0",0,0,"x","none","4.625",11,3092,385.108750746856,39,3,-0.211837368188369,3888000,8.80317381722826,711
"307","307",2020-03-11,8,"Purr",2,11:19:00,11:38:00,0,0,0,0,"0",0,0,"x","none","4.625",11,3092,385.108750746856,39,3,-0.211837368188369,4104000,8.80317381722826,711
"308","308",2020-03-18,8,"Cable",1,09:33:00,09:52:00,6,0,0,0,"0",0,0,"x","none","4 5/8''",12,3092,300.158291023285,46,3,-1.15349202703155,4104000,8.80317381722826,718
"309","309",2020-03-18,8,"Cable",2,10:08:00,10:27:00,1,0,1,0,"0",0,0,"x","none","4 5/8''",12,3092,300.158291023285,46,3,-1.15349202703155,4104000,8.80317381722826,718
"310","310",2020-03-18,8,"Fernando",1,11:13:00,11:28:00,17,0,0,0,"0",0,0,"x","none","4 5/8''",12,3092,300.158291023285,46,3,-1.15349202703155,3240000,8.80317381722826,718
"311","311",2020-03-18,8,"Fernando",2,11:46:00,12:12:00,2,0,0,0,"0",0,0,"x","none","4 5/8''",12,3092,300.158291023285,46,3,-1.15349202703155,5616000,8.80317381722826,718
"312","312",2020-03-18,8,"Purr",1,13:24:00,13:45:00,5,0,0,0,"0",0,0,"x","none","4 5/8''",12,3092,300.158291023285,46,3,-1.15349202703155,4536000,8.80317381722826,718
"313","313",2020-03-18,8,"Purr",2,13:58:00,14:20:00,4,0,3,0,"0",0,0,"x","none","4 5/8''",12,3092,300.158291023285,46,3,-1.15349202703155,4752000,8.80317381722826,718
"314","314",2022-02-16,10,"N. Cable",1,09:37:00,09:55:00,4,0,0,0,"0",0,0,"x","none","4 5/8''",7,5798,419.088934636285,15,2,0.107660276232058,3888000,8.80317381722826,879
"315","315",2022-02-16,10,"N. Cable",2,10:13:00,10:30:00,1,0,0,0,"0",0,0,"x","none","4 5/8''",7,5798,419.088934636285,15,2,0.107660276232058,3672000,8.80317381722826,879
"316","316",2022-02-16,10,"Fernando",1,11:16:00,11:32:00,10,1,5,0,"0",0,0,"x","none","4 5/8''",7,5798,419.088934636285,15,2,0.107660276232058,3456000,8.80317381722826,879
"317","317",2022-02-16,10,"Fernando",2,11:49:00,12:14:00,3,0,8,0,"5",0,0,"x","1 cutthroat 41cm","4 5/8''",7,5798,419.088934636285,15,2,0.107660276232058,5400000,8.80317381722826,879
"318","318",2022-02-16,10,"Purr",1,13:31:00,13:50:00,4,0,3,0,"0",0,0,"x","none","4 5/8''",7,5798,419.088934636285,15,2,0.107660276232058,4104000,8.80317381722826,879
"319","319",2022-02-16,10,"Purr",2,14:09:00,14:28:00,0,0,4,0,"0",0,0,"x","none","4 5/8''",7,5798,419.088934636285,15,2,0.107660276232058,4104000,8.80317381722826,879
"320","320",2022-02-22,10,"N. Cable",1,10:29:00,10:44:00,2,0,0,0,"0",0,0,"x","none","4 5/8''",8,5798,396.435478709999,21,2,-0.102308798721671,3240000,8.80317381722826,885
"321","321",2022-02-22,10,"N. Cable",2,11:04:00,11:19:00,2,0,0,0,"0",0,0,"x","none","4 5/8''",8,5798,396.435478709999,21,2,-0.102308798721671,3240000,8.80317381722826,885
"322","322",2022-02-22,10,"Fernando",1,11:53:00,12:11:00,20,0,0,0,"2",0,0,"x","none","4 5/8''",8,5798,396.435478709999,21,2,-0.102308798721671,3888000,8.80317381722826,885
"323","323",2022-02-22,10,"Fernando",2,12:32:00,12:53:00,1,0,0,0,"0",0,0,"x","none","4 5/8''",8,5798,396.435478709999,21,2,-0.102308798721671,4536000,8.80317381722826,885
"324","324",2022-02-22,10,"Purr",1,14:31:00,14:48:00,2,0,2,0,"0",0,0,"x","none","4 5/8''",8,5798,396.435478709999,21,2,-0.102308798721671,3672000,8.80317381722826,885
"325","325",2022-02-22,10,"Purr",2,14:55:00,15:14:00,2,0,2,0,"0",0,0,"x","Cable","4 5/8''",8,5798,396.435478709999,21,2,-0.102308798721671,4104000,8.80317381722826,885
"326","326",2022-03-04,10,"N. Cable",1,09:40:00,09:51:00,0,0,0,0,"0",0,0,"x","High Water!","4 5/8''",9,5798,747.564045567427,31,3,2.29440064320738,2376000,8.80317381722826,895
"327","327",2022-03-04,10,"N. Cable",2,09:54:00,10:04:00,0,0,0,0,"0",0,0,"x","High Water!","4 5/8''",9,5798,747.564045567427,31,3,2.29440064320738,2160000,8.80317381722826,895
"328","328",2022-03-04,10,"Fernando",1,10:16:00,10:34:00,10,0,1,0,"0",0,0,"x","High Water!","4 5/8''",9,5798,747.564045567427,31,3,2.29440064320738,3888000,8.80317381722826,895
"329","329",2022-03-04,10,"Fernando",2,10:55:00,11:18:00,1,0,3,0,"0",0,0,"x","High Water!","4 5/8''",9,5798,747.564045567427,31,3,2.29440064320738,4968000,8.80317381722826,895
"330","330",2022-03-04,10,"Purr",1,12:34:00,12:43:00,4,0,4,1,"0",0,0,"x","High Water!","4 5/8''",9,5798,747.564045567427,31,3,2.29440064320738,1944000,8.80317381722826,895
"331","331",2022-03-04,10,"Purr",2,13:12:00,13:24:00,4,0,4,0,"0",0,0,"x","High Water!","4 5/8''",9,5798,747.564045567427,31,3,2.29440064320738,2592000,8.80317381722826,895
"332","332",2022-03-10,10,"N. Cable",1,09:19:00,09:30:00,5,0,1,0,"0",0,0,"x","none","4 5/8''",10,5798,512.534440332213,37,3,0.868208909288115,2376000,8.80317381722826,901
"333","333",2022-03-10,10,"N. Cable",2,09:38:00,09:50:00,8,1,0,0,"0",0,0,"x","none","4 5/8''",10,5798,512.534440332213,37,3,0.868208909288115,2592000,8.80317381722826,901
"334","334",2022-03-10,10,"Fernando",1,11:12:00,11:28:00,15,1,0,0,"0",0,0,"x","none","4 5/8''",10,5798,512.534440332213,37,3,0.868208909288115,3456000,8.80317381722826,901
"335","335",2022-03-10,10,"Fernando",2,11:47:00,12:07:00,3,0,1,0,"1",0,0,"x","none","4 5/8''",10,5798,512.534440332213,37,3,0.868208909288115,4320000,8.80317381722826,901
"336","336",2022-03-10,10,"Purr",1,13:45:00,13:57:00,7,0,1,0,"0",0,0,"x","none","4 5/8''",10,5798,512.534440332213,37,3,0.868208909288115,2592000,8.80317381722826,901
"337","337",2022-03-10,10,"Purr",2,14:10:00,14:20:00,1,0,0,0,"0",0,0,"x","snagged on cable","4 5/8''",10,5798,512.534440332213,37,3,0.868208909288115,2160000,8.80317381722826,901
"338","338",2022-03-18,10,"N. Cable",1,09:20:00,09:34:00,5,0,0,1,"0",0,0,"x","Chinook, hatchery","4 5/8''",11,5798,453.069118525713,45,3,0.402235705249472,3024000,8.80317381722826,909
"339","339",2022-03-18,10,"N. Cable",2,09:43:00,10:00:00,2,0,1,0,"0",0,0,"x","1 O. mykiss smolt 220mm","4 5/8''",11,5798,453.069118525713,45,3,0.402235705249472,3672000,8.80317381722826,909
"340","340",2022-03-18,10,"Fernando",1,10:49:00,11:07:00,9,0,4,0,"0",0,0,"x","x","4 5/8''",11,5798,453.069118525713,45,3,0.402235705249472,3888000,8.80317381722826,909
"341","341",2022-03-18,10,"Fernando",2,11:24:00,11:44:00,1,0,0,0,"0",0,0,"x","x","4 5/8''",11,5798,453.069118525713,45,3,0.402235705249472,4320000,8.80317381722826,909
"342","342",2022-03-18,10,"Purr",1,12:52:00,13:07:00,5,0,1,1,"0",0,0,"x","x","4 5/8''",11,5798,453.069118525713,45,3,0.402235705249472,3240000,8.80317381722826,909
"343","343",2022-03-18,10,"Purr",2,13:23:00,13:34:00,0,0,1,0,"0",0,0,"x","1 cutthroat, snagged net","4 5/8''",11,5798,453.069118525713,45,3,0.402235705249472,2376000,8.80317381722826,909
"344","344",2022-03-23,10,"N. Cable",1,09:35:00,09:52:00,4,0,0,1,"0",0,0,"x","x","4 5/8''",12,5798,458.732482507284,50,3,0.449173837680755,3672000,8.80317381722826,914
"345","345",2022-03-23,10,"N. Cable",2,10:19:00,10:36:00,2,0,0,0,"0",0,0,"x","x","4 5/8''",12,5798,458.732482507284,50,3,0.449173837680755,3672000,8.80317381722826,914
"346","346",2022-03-23,10,"Fernando",1,11:19:00,11:34:00,17,0,1,0,"0",0,0,"x","x","4 5/8''",12,5798,458.732482507284,50,3,0.449173837680755,3240000,8.80317381722826,914
"347","347",2022-03-23,10,"Fernando",2,11:55:00,12:16:00,0,0,0,1,"0",0,0,"x","x","4 5/8''",12,5798,458.732482507284,50,3,0.449173837680755,4536000,8.80317381722826,914
"348","348",2022-03-23,10,"Purr",1,13:42:00,13:59:00,2,1,2,0,"0",0,0,"x","10' tear in the net","4 5/8''",12,5798,458.732482507284,50,3,0.449173837680755,3672000,8.80317381722826,914
"349","349",2022-03-31,10,"N. Cable",1,09:37:00,09:52:00,5,0,0,3,"1",0,0,"x","x","4 5/8''",13,5798,453.069118525713,58,3,0.402235705249472,3240000,8.80317381722826,922
"350","350",2022-03-31,10,"N. Cable",2,10:04:00,10:20:00,1,0,0,1,"1",0,0,"x","x","4 5/8''",13,5798,453.069118525713,58,3,0.402235705249472,3456000,8.80317381722826,922
"351","351",2022-03-31,10,"Fernando",1,11:04:00,11:18:00,7,0,0,1,"0",0,0,"x","x","4 5/8''",13,5798,453.069118525713,58,3,0.402235705249472,3024000,8.80317381722826,922
"352","352",2022-03-31,10,"Fernando",2,11:35:00,11:55:00,4,0,0,0,"0",0,0,"x","x","4 5/8''",13,5798,453.069118525713,58,3,0.402235705249472,4320000,8.80317381722826,922
"353","353",2022-03-31,10,"Purr",1,13:18:00,13:34:00,6,0,3,1,"0",0,0,"x","x","4 5/8''",13,5798,453.069118525713,58,3,0.402235705249472,3456000,8.80317381722826,922
"354","354",2022-03-31,10,"Purr",2,13:51:00,14:06:00,1,0,0,0,"0",0,0,"x","x","4 5/8''",13,5798,453.069118525713,58,3,0.402235705249472,3240000,8.80317381722826,922
"355","359",2022-04-14,10,"N. Cable",1,09:52:00,10:08:00,6,0,0,0,"1",0,0,"x","x","4 5/8''",15,5798,370.950340792928,72,4,-0.353369684579931,3456000,8.80317381722826,936
"356","360",2022-04-14,10,"N. Cable",2,10:20:00,10:35:00,1,0,0,5,"0",0,0,"x","x","4 5/8''",15,5798,370.950340792928,72,4,-0.353369684579931,3240000,8.80317381722826,936
"357","361",2022-04-14,10,"Fernando",1,11:23:00,11:31:00,5,0,0,0,"0",0,0,"x","SNAG","4 5/8''",15,5798,370.950340792928,72,4,-0.353369684579931,1728000,8.80317381722826,936
"358","362",2022-04-14,10,"Fernando",2,11:38:00,12:19:00,4,0,1,0,"0",0,0,"x","x","4 5/8''",15,5798,370.950340792928,72,4,-0.353369684579931,8856000,8.80317381722826,936
"359","363",2022-04-14,10,"Purr",1,13:15:00,13:35:00,5,0,0,2,"0",0,0,"x","x","4 5/8''",15,5798,370.950340792928,72,4,-0.353369684579931,4320000,8.80317381722826,936
"360","364",2022-04-14,10,"Purr",2,13:49:00,14:10:00,2,0,0,0,"0",0,0,"x","x","4 5/8''",15,5798,370.950340792928,72,4,-0.353369684579931,4536000,8.80317381722826,936
"361","365",2022-04-22,10,"N. Cable",1,09:40:00,09:54:00,6,0,0,3,"0",0,0,"x","x","4 5/8''",16,5798,345.465202875856,80,4,-0.622307193642505,3024000,8.80317381722826,944
"362","366",2022-04-22,10,"N. Cable",2,10:10:00,10:31:00,4,0,0,1,"1",0,0,"x","x","4 5/8''",16,5798,345.465202875856,80,4,-0.622307193642505,4536000,8.80317381722826,944
"363","367",2022-04-22,10,"Fernando",1,11:35:00,11:51:00,8,0,0,0,"0",0,0,"x","x","4 5/8''",16,5798,345.465202875856,80,4,-0.622307193642505,3456000,8.80317381722826,944
"364","368",2022-04-22,10,"Fernando",2,12:07:00,12:29:00,5,0,0,1,"0",0,0,"x","x","4 5/8''",16,5798,345.465202875856,80,4,-0.622307193642505,4752000,8.80317381722826,944
"365","369",2022-04-22,10,"Purr",1,13:52:00,14:10:00,3,0,1,1,"0",0,0,"x","x","4 5/8''",16,5798,345.465202875856,80,4,-0.622307193642505,3888000,8.80317381722826,944
"366","370",2022-04-22,10,"Purr",2,14:23:00,14:43:00,0,0,0,4,"0",0,0,"x","SNAG","4 5/8''",16,5798,345.465202875856,80,4,-0.622307193642505,4320000,8.80317381722826,944
"367","371",2022-04-28,10,"N. Cable",1,10:18:00,10:33:00,4,0,0,2,"0",0,0,"x","repaired net","5",17,5798,356.791930838999,86,4,-0.500410459057079,3240000,8.80317381722826,950
"368","372",2022-04-28,10,"N. Cable",2,11:02:00,11:18:00,3,0,0,0,"0",0,0,"x",NA,"5",17,5798,356.791930838999,86,4,-0.500410459057079,3456000,8.80317381722826,950
"369","373",2022-04-28,10,"Fernando",1,12:01:00,12:19:00,9,0,0,0,"0",0,0,"x",NA,"5",17,5798,356.791930838999,86,4,-0.500410459057079,3888000,8.80317381722826,950
"370","374",2022-04-28,10,"Fernando",2,12:37:00,12:57:00,0,0,1,0,"0",0,0,"x",NA,"5",17,5798,356.791930838999,86,4,-0.500410459057079,4320000,8.80317381722826,950
"371","375",2022-04-28,10,"Purr",1,13:52:00,14:08:00,0,0,1,1,"1",0,0,"x",NA,"5",17,5798,356.791930838999,86,4,-0.500410459057079,3456000,8.80317381722826,950
"372","376",2022-04-28,10,"Purr",2,14:18:00,14:34:00,1,0,0,1,"0",0,0,"x","Seal present","5",17,5798,356.791930838999,86,4,-0.500410459057079,3456000,8.80317381722826,950
"373","377",2023-02-23,11,"N. Cable",1,09:30:00,09:45:00,2,0,1,0,"1",0,0,"x","x","4 5/8''",8,4821,322.811746949571,22,2,-0.878572911802109,3240000,8.80317381722826,982
"374","378",2023-02-23,11,"N. Cable",2,09:55:00,10:10:00,0,0,0,0,"0",0,0,"x","x","4 5/8''",8,4821,322.811746949571,22,2,-0.878572911802109,3240000,8.80317381722826,982
"375","379",2023-02-23,11,"Fernando",1,10:37:00,10:56:00,1,0,0,0,"0",0,0,"x","x","4 5/8''",8,4821,322.811746949571,22,2,-0.878572911802109,4104000,8.80317381722826,982
"376","380",2023-02-23,11,"Fernando",2,11:07:00,11:27:00,3,1,3,0,"1",0,0,"x","x","4 5/8''",8,4821,322.811746949571,22,2,-0.878572911802109,4320000,8.80317381722826,982
"377","381",2023-02-23,11,"Purr",1,12:35:00,12:59:00,0,0,3,0,"0",0,0,"x","x","4 5/8''",8,4821,322.811746949571,22,2,-0.878572911802109,5184000,8.80317381722826,982
"378","382",2023-03-02,11,"N. Cable",1,09:20:00,09:37:00,1,0,0,0,"0",0,0,"x","x","4 5/8''",9,4821,255.417715568871,29,3,-1.76337378437681,3672000,8.80317381722826,989
"379","383",2023-03-02,11,"N. Cable",2,09:40:00,09:59:00,3,0,0,0,"0",0,0,"x","x","4 5/8''",9,4821,255.417715568871,29,3,-1.76337378437681,4104000,8.80317381722826,989
"380","384",2023-03-02,11,"Fernando",1,10:30:00,10:51:00,4,0,0,0,"0",0,0,"x","x","4 5/8''",9,4821,255.417715568871,29,3,-1.76337378437681,4536000,8.80317381722826,989
"381","385",2023-03-02,11,"Fernando",2,11:03:00,11:26:00,2,0,0,0,"0",0,0,"x","x","4 5/8''",9,4821,255.417715568871,29,3,-1.76337378437681,4968000,8.80317381722826,989
"382","386",2023-03-02,11,"Middle",1,12:26:00,12:53:00,2,0,1,0,"0",0,0,"x","x","4 5/8''",9,4821,255.417715568871,29,3,-1.76337378437681,5832000,8.80317381722826,989
"383","387",2023-03-02,11,"Middle",2,13:14:00,13:38:00,0,1,0,0,"0",0,0,"x","x","4 5/8''",9,4821,255.417715568871,29,3,-1.76337378437681,5184000,8.80317381722826,989
"384","388",2023-03-08,11,"N. Cable",1,10:58:00,11:17:00,8,0,0,1,"0",0,0,"x","1 recap today","4 5/8''",10,4821,249.471183388221,35,3,-1.85238282733309,4104000,8.80317381722826,995
"385","389",2023-03-08,11,"N. Cable",2,11:41:00,12:12:00,7,0,0,0,"0",0,0,"x","x","4 5/8''",10,4821,249.471183388221,35,3,-1.85238282733309,6696000,8.80317381722826,995
"386","390",2023-03-08,11,"Fernando",1,13:38:00,14:04:00,5,0,1,0,"0",0,0,"x","x","4 5/8''",10,4821,249.471183388221,35,3,-1.85238282733309,5616000,8.80317381722826,995
"387","391",2023-03-08,11,"Fernando",2,14:22:00,14:46:00,1,0,0,0,"0",0,0,"x","x","4 5/8''",10,4821,249.471183388221,35,3,-1.85238282733309,5184000,8.80317381722826,995
"388","392",2023-03-08,11,"Middle",1,15:27:00,15:52:00,2,0,0,1,"0",0,0,"x","x","4 5/8''",10,4821,249.471183388221,35,3,-1.85238282733309,5400000,8.80317381722826,995
"389","393",2023-03-08,11,"Middle",2,16:04:00,16:24:00,1,0,0,0,"0",0,0,"x","x","4 5/8''",10,4821,249.471183388221,35,3,-1.85238282733309,4320000,8.80317381722826,995
"390","394",2023-03-15,11,"N. Cable",1,09:55:00,10:09:00,19,0,0,0,"0",0,0,"x","5 recaptures today",NA,11,4821,311.485018986428,42,3,-1.01353265359062,3024000,8.80317381722826,1002
"391","395",2023-03-15,11,"N. Cable",2,10:31:00,10:50:00,7,0,0,0,"0",0,0,"x","1 kelt today",NA,11,4821,311.485018986428,42,3,-1.01353265359062,4104000,8.80317381722826,1002
"392","396",2023-03-15,11,"Fernando",1,12:24:00,12:43:00,3,0,1,0,"0",0,0,"x","BT 60cm good condiiton",NA,11,4821,311.485018986428,42,3,-1.01353265359062,4104000,8.80317381722826,1002
"393","397",2023-03-15,11,"Fernando",2,13:21:00,13:42:00,3,0,0,0,"0",0,0,"x","x",NA,11,4821,311.485018986428,42,3,-1.01353265359062,4536000,8.80317381722826,1002
"394","398",2023-03-15,11,"Middle",1,14:23:00,14:44:00,2,0,0,0,"0",0,0,"x","x",NA,11,4821,311.485018986428,42,3,-1.01353265359062,4536000,8.80317381722826,1002
"395","399",2023-03-15,11,"Middle",2,14:54:00,15:12:00,2,0,0,0,"0",0,0,"x","x",NA,11,4821,311.485018986428,42,3,-1.01353265359062,3888000,8.80317381722826,1002
"396","400",2023-03-21,11,"N. Cable",1,09:44:00,09:58:00,4,0,0,0,"0",0,0,"x","x",NA,12,4821,300.158291023285,48,3,-1.15349202703155,3024000,8.80317381722826,1008
"397","401",2023-03-21,11,"N. Cable",2,10:07:00,10:26:00,3,0,0,0,"1",0,0,"x","x",NA,12,4821,300.158291023285,48,3,-1.15349202703155,4104000,8.80317381722826,1008
"398","402",2023-03-21,11,"Fernando",1,11:17:00,11:36:00,8,0,0,0,"0",0,0,"x","x",NA,12,4821,300.158291023285,48,3,-1.15349202703155,4104000,8.80317381722826,1008
"399","403",2023-03-21,11,"Fernando",2,12:00:00,12:15:00,0,0,0,0,"0",0,0,"x","x",NA,12,4821,300.158291023285,48,3,-1.15349202703155,3240000,8.80317381722826,1008
"400","404",2023-03-21,11,"Middle",1,13:29:00,13:50:00,1,0,0,1,"0",0,0,"x","Snag 1/2 through drift",NA,12,4821,300.158291023285,48,3,-1.15349202703155,4536000,8.80317381722826,1008
"401","405",2023-03-21,11,"Middle",2,13:59:00,14:19:00,5,0,0,0,"0",0,0,"x","x",NA,12,4821,300.158291023285,48,3,-1.15349202703155,4320000,8.80317381722826,1008
"402","406",2023-03-29,11,"N. Cable",1,09:31:00,09:46:00,18,0,0,0,"2",0,0,"x","x",NA,13,4821,285.999881069356,56,3,-1.33606237339378,3240000,8.80317381722826,1016
"403","407",2023-03-29,11,"N. Cable",2,10:07:00,10:29:00,0,1,0,0,"2",0,0,"x","x",NA,13,4821,285.999881069356,56,3,-1.33606237339378,4752000,8.80317381722826,1016
"404","408",2023-03-29,11,"Fernando",1,11:46:00,12:01:00,10,0,0,0,"1",0,0,"x","x",NA,13,4821,285.999881069356,56,3,-1.33606237339378,3240000,8.80317381722826,1016
"405","409",2023-03-29,11,"Fernando",2,12:18:00,12:44:00,1,0,1,0,"2",0,0,"x","1 coho",NA,13,4821,285.999881069356,56,3,-1.33606237339378,5616000,8.80317381722826,1016
"406","410",2023-03-29,11,"Middle",1,14:00:00,14:24:00,1,0,0,0,"0",0,0,"x","3 recaps today",NA,13,4821,285.999881069356,56,3,-1.33606237339378,5184000,8.80317381722826,1016
"407","411",2023-03-29,11,"Middle",2,14:29:00,14:47:00,2,0,0,1,"0",0,0,"x","x",NA,13,4821,285.999881069356,56,3,-1.33606237339378,3888000,8.80317381722826,1016
"408","412",2023-04-05,11,"N. Cable",1,09:00:00,09:23:00,9,0,0,0,"1",0,0,"x","0 recaps today",NA,14,4821,283.168199078571,63,4,-1.3736594106596,4968000,8.80317381722826,1023
"409","413",2023-04-05,11,"N. Cable",2,09:52:00,10:08:00,4,0,0,0,"0",0,0,"x","x",NA,14,4821,283.168199078571,63,4,-1.3736594106596,3456000,8.80317381722826,1023
"410","414",2023-04-05,11,"Fernando",1,11:08:00,11:33:00,7,0,0,0,"3",0,0,"x","x",NA,14,4821,283.168199078571,63,4,-1.3736594106596,5400000,8.80317381722826,1023
"411","415",2023-04-05,11,"Fernando",2,11:43:00,12:06:00,1,0,0,0,"3",0,0,"x","x",NA,14,4821,283.168199078571,63,4,-1.3736594106596,4968000,8.80317381722826,1023
"412","416",2023-04-05,11,"Middle",1,13:19:00,13:35:00,3,0,0,3,"0",0,0,"x","x",NA,14,4821,283.168199078571,63,4,-1.3736594106596,3456000,8.80317381722826,1023
"413","417",2023-04-05,11,"Middle",2,13:52:00,14:09:00,0,0,0,3,"0",0,0,"x","x",NA,14,4821,283.168199078571,63,4,-1.3736594106596,3672000,8.80317381722826,1023
"414","418",2023-04-11,11,"N. Cable",1,09:15:00,09:28:00,10,0,0,1,"x",0,0,"x","2 recaps today",NA,15,4821,512.534440332213,69,4,0.868208909288115,2808000,8.80317381722826,1029
"415","419",2023-04-11,11,"N. Cable",2,09:47:00,09:59:00,1,0,0,1,"x",0,0,"x","x",NA,15,4821,512.534440332213,69,4,0.868208909288115,2592000,8.80317381722826,1029
"416","420",2023-04-11,11,"Fernando",1,11:06:00,11:27:00,10,0,0,1,"x",0,0,"x","x",NA,15,4821,512.534440332213,69,4,0.868208909288115,4536000,8.80317381722826,1029
"417","421",2023-04-11,11,"Fernando",2,11:49:00,12:09:00,2,0,0,1,"x",0,0,"x","x",NA,15,4821,512.534440332213,69,4,0.868208909288115,4320000,8.80317381722826,1029
"418","422",2023-04-11,11,"Middle",1,13:21:00,13:37:00,0,0,0,1,"x",0,0,"x","x",NA,15,4821,512.534440332213,69,4,0.868208909288115,3456000,8.80317381722826,1029
"419","423",2023-04-11,11,"Middle",2,13:43:00,13:59:00,1,0,0,0,"x",0,0,"x","x",NA,15,4821,512.534440332213,69,4,0.868208909288115,3456000,8.80317381722826,1029
"420","424",2023-04-18,11,"N. Cable",1,09:30:00,09:47:00,1,0,0,0,"0",0,0,"x","x",NA,16,4821,339.801838894285,76,4,-0.684762682872769,3672000,8.80317381722826,1036
"421","425",2023-04-18,11,"N. Cable",2,09:50:00,10:07:00,0,0,0,0,"2",0,0,"x","x",NA,16,4821,339.801838894285,76,4,-0.684762682872769,3672000,8.80317381722826,1036
"422","426",2023-04-18,11,"Fernando",1,10:22:00,10:44:00,0,0,0,0,"1",0,0,"x","x",NA,16,4821,339.801838894285,76,4,-0.684762682872769,4752000,8.80317381722826,1036
"423","427",2023-04-18,11,"Fernando",2,10:49:00,11:03:00,4,0,0,0,"0",0,0,"x","x",NA,16,4821,339.801838894285,76,4,-0.684762682872769,3024000,8.80317381722826,1036
"424","428",2023-04-18,11,"Middle",1,12:15:00,12:34:00,0,0,0,3,"0",0,0,"x","Seal present",NA,16,4821,339.801838894285,76,4,-0.684762682872769,4104000,8.80317381722826,1036
"425","429",2023-04-18,11,"Middle",2,12:40:00,13:00:00,2,0,0,1,"0",0,0,"x","x",NA,16,4821,339.801838894285,76,4,-0.684762682872769,4320000,8.80317381722826,1036
"426","430",2023-04-25,11,"N. Cable",1,09:25:00,09:43:00,6,0,1,0,"2",0,0,"x","x",NA,17,4821,382.27706875607,83,4,-0.239722890106075,3888000,8.80317381722826,1043
"427","431",2023-04-25,11,"N. Cable",2,09:56:00,10:12:00,1,0,0,3,"0",0,0,"x","x",NA,17,4821,382.27706875607,83,4,-0.239722890106075,3456000,8.80317381722826,1043
"428","432",2023-04-25,11,"Fernando",1,10:55:00,11:14:00,1,0,0,1,"0",0,0,"x","Seal present",NA,17,4821,382.27706875607,83,4,-0.239722890106075,4104000,8.80317381722826,1043
"429","433",2023-04-25,11,"Fernando",2,11:26:00,11:43:00,2,0,0,0,"0",0,0,"x","0 recaps today",NA,17,4821,382.27706875607,83,4,-0.239722890106075,3672000,8.80317381722826,1043
"430","434",2023-04-25,11,"Middle",1,12:48:00,13:07:00,0,0,0,1,"0",0,0,"x","x",NA,17,4821,382.27706875607,83,4,-0.239722890106075,4104000,8.80317381722826,1043
"431","435",2023-04-25,11,"Middle",2,13:11:00,13:29:00,0,0,0,3,"0",0,0,"x","x",NA,17,4821,382.27706875607,83,4,-0.239722890106075,3888000,8.80317381722826,1043
"432","436",2024-02-20,12,"N. Cable",1,08:06:00,08:21:00,4,0,0,0,"0",0,0,"x","x",NA,8,NA,262.780088744914,19,2,-1.6560001682102,3240000,8.80317381722826,1075
"433","437",2024-02-20,12,"N. Cable",2,08:31:00,08:49:00,2,0,1,0,"0",0,0,"x","1 sthd smolt",NA,8,NA,262.780088744914,19,2,-1.6560001682102,3888000,8.80317381722826,1075
"434","438",2024-02-20,12,"Fernando",1,10:21:00,10:37:00,8,0,1,0,"0",0,0,"x","x",NA,8,NA,262.780088744914,19,2,-1.6560001682102,3456000,8.80317381722826,1075
"435","439",2024-02-20,12,"Fernando",2,10:59:00,12:14:00,0,0,0,0,"0",0,0,"x","x",NA,8,NA,262.780088744914,19,2,-1.6560001682102,16200000,8.80317381722826,1075
"436","440",2024-02-20,12,"Middle",1,12:53:00,13:14:00,2,0,1,0,"0",0,0,"x","x",NA,8,NA,262.780088744914,19,2,-1.6560001682102,4536000,8.80317381722826,1075
"437","441",2024-02-20,12,"Middle",2,13:21:00,13:38:00,3,0,0,0,"0",0,0,"x","one lost at boat",NA,8,NA,262.780088744914,19,2,-1.6560001682102,3672000,8.80317381722826,1075
"438","442",2024-02-27,12,"N. Cable",1,09:34:00,09:49:00,3,0,1,0,"0",0,0,"x","1 coho (um, nt, male)",NA,9,NA,317.148382967999,26,2,-0.945450251823773,3240000,8.80317381722826,1082
"439","443",2024-02-27,12,"N. Cable",2,10:11:00,10:29:00,4,0,0,0,"1",0,0,"x","x",NA,9,NA,317.148382967999,26,2,-0.945450251823773,3888000,8.80317381722826,1082
"440","444",2024-02-27,12,"Fernando",1,11:26:00,11:44:00,6,0,0,0,"0",0,0,"x","x",NA,9,NA,317.148382967999,26,2,-0.945450251823773,3888000,8.80317381722826,1082
"441","445",2024-02-27,12,"Fernando",2,12:03:00,12:16:00,0,1,0,0,"0",0,0,"x","x",NA,9,NA,317.148382967999,26,2,-0.945450251823773,2808000,8.80317381722826,1082
"442","446",2024-02-27,12,"Middle",1,12:56:00,13:16:00,4,0,1,0,"0",0,0,"x","x",NA,9,NA,317.148382967999,26,2,-0.945450251823773,4320000,8.80317381722826,1082
"443","447",2024-02-27,12,"Middle",2,13:29:00,13:49:00,1,0,2,0,"0",0,0,"x","x",NA,9,NA,317.148382967999,26,2,-0.945450251823773,4320000,8.80317381722826,1082
"444","448",2024-03-06,12,"N. Cable",1,09:46:00,09:56:00,18,0,1,0,"0",0,0,"x","1 recap, 1 adult cutthroat/mykiss hybrid",NA,10,NA,291.663245050928,34,3,-1.2619723315255,2160000,8.80317381722826,1090
"445","449",2024-03-06,12,"N. Cable",2,10:16:00,10:34:00,1,0,1,0,"0",0,0,"x","x",NA,10,NA,291.663245050928,34,3,-1.2619723315255,3888000,8.80317381722826,1090
"446","450",2024-03-06,12,"Fernando",1,12:05:00,12:13:00,16,0,0,0,"0",0,0,"x","x",NA,10,NA,291.663245050928,34,3,-1.2619723315255,1728000,8.80317381722826,1090
"447","451",2024-03-06,12,"Fernando",2,13:32:00,13:47:00,4,0,0,0,"0",0,0,"x","x",NA,10,NA,291.663245050928,34,3,-1.2619723315255,3240000,8.80317381722826,1090
"448","452",2024-03-06,12,"Middle",1,14:20:00,14:41:00,3,1,0,0,"0",0,0,"x","1 Hatchery stlhd",NA,10,NA,291.663245050928,34,3,-1.2619723315255,4536000,8.80317381722826,1090
"449","453",2024-03-06,12,"Middle",2,14:51:00,15:07:00,1,0,0,0,"0",0,0,"x","x",NA,10,NA,291.663245050928,34,3,-1.2619723315255,3456000,8.80317381722826,1090
"450","454",2024-03-12,12,"N. Cable",1,09:17:00,09:28:00,9,0,1,0,"0",0,0,"x","1 recap",NA,11,NA,319.980064958785,40,3,-0.911863621164784,2376000,8.80317381722826,1096
"451","455",2024-03-12,12,"N. Cable",2,09:47:00,10:05:00,1,0,1,2,"1",0,0,"x","2 springers, both hatchery",NA,11,NA,319.980064958785,40,3,-0.911863621164784,3888000,8.80317381722826,1096
"452","456",2024-03-12,12,"Fernando",1,11:59:00,12:06:00,12,0,0,0,"1",0,0,"x","x",NA,11,NA,319.980064958785,40,3,-0.911863621164784,1512000,8.80317381722826,1096
"453","457",2024-03-12,12,"Fernando",2,12:25:00,12:39:00,1,0,0,0,"0",0,0,"x","x",NA,11,NA,319.980064958785,40,3,-0.911863621164784,3024000,8.80317381722826,1096
"454","458",2024-03-12,12,"Middle",1,13:49:00,14:07:00,5,0,0,1,"0",0,0,"x","1 springer, hatchery Seal present",NA,11,NA,319.980064958785,40,3,-0.911863621164784,3888000,8.80317381722826,1096
"455","459",2024-03-12,12,"Middle",2,14:23:00,14:43:00,1,0,0,1,"0",0,0,"x","1 springer, wild Seal present",NA,11,NA,319.980064958785,40,3,-0.911863621164784,4320000,8.80317381722826,1096
